Record ID,Company name,Company owner,Create Date,Phone Number,Last Activity Date,City,Country/Region,Industry,State/Region,Website URL
17175023745,The StopAlong,Mckay May,2023-08-31 12:00,6156185093,2025-09-09 08:14,Chicago,,,IL,https://www.thestopalong.com/
17105884835,Frenchys Pizzeria,,2023-08-25 14:21,(716) 282-5091,2025-08-27 10:16,Niagara Falls,,,NY,frenchyspizzeria.com
9787261793,"Russo's | Katy, Bella Terra",Mckay May,2022-10-11 14:53,(713) 821-1322,2025-08-22 08:51,Katy,United States,Restaurants,TX,nypizzeria.com
9553665328,The Iron Oven,Mckay May,2022-09-08 11:59,(215) 322-1907,2025-08-06 07:53,Southampton,United States,Restaurants,PA,https://www.ironoven.com
15351211597,Pizza Delizia,Mckay May,2023-03-31 10:20,(716) 655-1900,2025-09-09 14:00,Elma,United States,Restaurants,NY,https://pizzadeliziaitalianclassics.com/
9430155586,Rich's 5 Star Pizza,Mckay May,2022-08-22 11:51,(281) 598-8461,2025-08-15 09:07,Kent,United States,Restaurants,WA,https://richs5starpizza.hungerrush.com
8848460595,622 North,Kemron Searle,2022-06-03 21:07,+1 540-951-1022,2025-08-27 10:13,Blacksburg,United States,Restaurants,VA,622north.com
15337758058,Mission Pizza Napoletana,,2023-03-29 23:51,(336) 893-8217,2025-04-17 08:35,Winston-Salem,,,NC,https://www.missionpizzanapoletana.com/
15351200863,HG Bucks Bagel,Kassidy Farrer,2023-03-31 10:20,(215) 343-4550,2025-09-02 10:09,Warrington,United States,Restaurants,PA,hgcoalfiredpizza.com
8848570934,Mario's Pizza & BBQ (North Aurora),,2022-06-03 21:06,(630) 906-7300,2025-06-11 15:19,North Aurora,United States,Restaurants,IL,mariospizzanorthaurora.com
9744207534,Russo's | Pearland,Mckay May,2022-10-05 10:58,(713) 821-1322,2025-08-05 13:42,Broadway,United States,Restaurants,TX,russos.com
8848551178,Este Pizza SLC Downtown,,2022-06-03 21:06,(801) 363-2366,2025-04-14 09:07,Salt Lake City,,,UT,https://www.estepizzaco.com/
9667608401,Russo's | Greatwood,Mckay May,2022-09-26 11:17,(281) 545-8100,2025-08-06 11:28,Sugar Land,,,TX,http://www.nypizzeria.com
9166351664,"Russo's | Woodlands, Conroe",Mckay May,2022-07-19 10:38,(936) 273-6060,2025-08-27 10:13,Tomball,,,TX,http://www.nypizzeria.com
15034019690,Avellino’s Pizza & Catering,,2023-03-09 14:00,(516) 307-1313,2025-08-27 10:03,Garden City South,,,NY,https://www.avellinospizzamenu.com
8848561180,Caitlin's,,2022-06-03 21:07,(303) 798-6600,2025-04-04 09:07,Denver,,,CO,http://www.caitlinsrestaurant.com/
9778825387,Carollos' Family Restaurant,Sean MacCourtney,2022-10-10 19:03,8563025991,2025-07-28 11:29,Berlin,,,NJ,carollosturnersville.com
15845142277,New York J&P Pizza | Spring Ridge,Chris Hubbard,2023-05-24 13:31,+1 (301) 317-8444,2025-07-09 10:21,Frederick,United States,Restaurants,MD,https://www.newyorkjandppizza.com
10537620845,East of Chicago (Sugarcreek),Sean MacCourtney,2023-01-04 11:27,(330) 852-0555,2025-08-27 10:03,Sugarcreek,United States,,OH,https://eastofchicago.m.takeout7.com/restaurant-menu
15381173939,Carluccis,Kassidy Farrer,2023-04-04 10:40,,2025-09-09 10:35,Mt Laurel Township,United States,Restaurants,NJ,https://carlucciswaterfront.com/?y_source=1_OTY5Nzk2MDQtNzE1LWxvY2F0aW9uLndlYnNpdGU%3D
15969193134,Victoria's Pizzeria,Sean MacCourtney,2023-06-05 13:54,(781) 383-2777,2025-03-19 14:12,Cohasset,United States,Restaurants,MA,https://www.victoriaspizzeria.com/
9391898703,Russo's | Meyerland,Mckay May,2022-08-16 08:50,19495001569,2025-08-29 12:02,Houston,,,TX,mysocialfairy.com
9326283374,Zizi Ramen Sushi,,2022-08-05 12:05,,2022-10-10 07:51,Dallas,United States,,TX,https://www.ziziramensushi.com
17061495914,9 Miles East Farm Pizza,Mckay May,2023-08-22 09:55,(518) 223-9872,2025-08-27 10:08,Saratoga Springs,United States,Restaurants,NY,9mileseast.com
10923417013,Pizza in the Neighbor Hood,,2023-01-24 08:34,(386) 518-5656,2025-04-14 09:29,Alachua,United States,Restaurants,FL,https://www.pizzainthehood.com
10735496770,Station 34,,2023-01-13 08:51,(847) 873-1230,2025-08-27 10:13,Mt Prospect,United States,,IL,station34pizzapub.com
9847485250,Uncle Chip's,,2022-10-19 11:39,(202) 999-4990,2025-07-24 11:16,Washington,United States,Food & Beverages,DC,unclechips.com
9812827220,Home Plate Grill,,2022-10-14 11:07,(805) 845-3323,2024-11-20 08:00,Goleta,United States,Restaurants,CA,homeplategoleta.com
15351173560,Bear Pizza and More,,2023-03-31 10:20,(707) 961-0580,2024-11-20 08:00,Fort Bragg,,,CA,http://(No value)
9675846662,West Main Pizza,Chris Hubbard,2022-09-27 08:47,(218) 784-3700,2025-08-25 10:11,Ada,United States,Restaurants,MN,westmainpizza.net
9827402365,Moscatos Pizza (Belvidere),Kassidy Farrer,2022-10-17 11:37,(815) 547-9100,2025-09-05 11:51,Belvidere,United States,Restaurants,IL,moscatospizza.com
16821343263,Friedman's,Chris Hubbard,2023-08-03 14:05,(212) 971-9400,2025-07-03 08:15,New York,United States,Restaurants,NY,https://www.friedmansrestaurant.com/location/chelsea-friedmans-restaurant/
17060071522,Little Italy Pizza & Pasta,Tyler Beagley,2023-08-22 08:43,(325) 475-4201,2025-09-08 09:17,Dyess Air Force Base,United States,,TX,littleitalyexpress.com
10804882873,Milwaukee Street Pizza,Kassidy Farrer,2023-01-16 10:48,16082019189,2025-09-02 10:36,Janesville,United States,Restaurants,WI,https://www.milwaukeestreetpizza.com
9255993203,Cagney's Pizza King,Kassidy Farrer,2022-07-28 08:48,(317) 392-4677,2025-08-27 15:59,Shelbyville,United States,Restaurants,IN,cagneyspizza.com
10231154709,Baldarotta's Porketta & Sicilian Sausage,Mckay May,2022-09-28 17:03,(217) 800-5726,2025-08-27 10:21,Urbana,United States,Restaurants,IL,baldarottas.com
12506375605,Big Horn Merc Pizza,Mckay May,2023-02-10 10:54,(307) 672-5534,2025-08-06 07:45,Big Horn,United States,Restaurants,WY,https://bighornmerc.com
16791305500,Zulu Grille,Dallas Williams,2023-08-01 10:18,8019016492,2025-07-29 10:31,Lehi,,,UT,https://www.zulugrille.com/
16821344112,Suram,,2023-08-03 14:19,,2024-04-24 11:30,New York,United States,Restaurants,NY,https://www.suramsushi.com/
16688518758,The Chef and I,,2023-07-24 11:55,(615) 618-2661,2025-04-25 09:55,Nashville,United States,Restaurants,TN,https://www.thechefandinashville.com/
16822695008,Wu and Nussbaum,Chris Hubbard,2023-08-03 14:10,+1 201-472-0037,2025-07-02 10:44,New York,United States,,NY,https://www.wuandnussbaum.getsauce.com/?utm_source=GMB&utm_medium=Website+Button&utm_id=wuandnussbaum
9189005651,Uncle Spike's Pizzeria,,2022-07-21 12:50,(330) 954-9724,2025-04-14 09:06,Aurora,,,OH,https://www.unclespikespizzeria.com/
15418077723,"Cuzzo's Pasta, Pizza, Panini, & More",Kassidy Farrer,2023-04-08 15:44,,2025-08-15 14:11,Oak Park,United States,Restaurants,IL,https://slicelife.com/restaurants/il/oak-park/60302/cuzzo-s-pasta-pizza-more/menu?utm_campaign=order_now_button&utm_medium=referral&utm_source=cuzzosoakpark.comindex.html
8848524416,Scuola Pizza,Chris Hubbard,2022-06-03 21:07,+1(352)451-4122,2025-09-03 08:38,Gainesville,United States,,FL,scuolapizzagainesville.com
9326283276,Pho Midway,Sean MacCourtney,2022-08-05 12:02,(972) 685-9949,2025-08-11 13:19,Dallas,United States,Restaurants,TX,phomidway.com
17176808750,Buzzo Pizza,,2023-08-31 16:35,(831) 316-7336,2024-03-15 08:00,Soquel,United States,,CA,https://www.buzzopizza.com/
17519402811,Village Host Pizza & Grill Aptos,,2023-09-29 10:15,(650) 591-6791,2024-11-20 08:00,Aptos,United States,Restaurants,CA,villagehost.com
17736061479,Seven Nine Four,,2023-10-19 15:06,(231) 288-1791,2025-08-27 10:09,Muskegon,United States,Restaurants,MI,https://www.jpn-restaurants.com/menus/topshelf-downtown/
19332746835,Punjabi Dhaba Restaurant,Sean MacCourtney,2024-03-01 14:29,,2025-08-27 10:20,Cambridge,United States,Restaurants,MA,punjabidhaba.co
17645259955,Fiery Nashville Hot Chicken,,2023-10-11 14:59,6462883845,2025-07-07 09:28,Plano,United States,Restaurants,TX,fierynashvillechicken.com
20488143160,"Drinky Dynasty, INC DBA Ginger Ale's",Sean MacCourtney,2024-04-26 14:38,2176634106,2025-07-30 11:10,Olney,,,IL,http://mygingerales.com
18833703554,Salerno's Pizzeria & Sports Bar (Hodgkins),,2024-01-24 13:53,(708) 354-0099,2025-04-14 09:06,Hodgkins,United States,Restaurants,IL,https://www.salernopizza.com/hodgkins
17956145238,Baby Jakes Pizza,Dallas Williams,2023-11-06 12:23,(810) 412-5444,2025-08-27 10:22,Davison,United States,Restaurants,MI,babyjakespizza.com
18623083804,La Buena Empanada,,2024-01-04 17:04,(425) 522-8362,2025-08-27 10:04,Washington,United States,Restaurants,DC,labuenaempanada.com
20722377535,Whiffle Boy’s Pizza (Murphysboro),Sean MacCourtney,2024-05-09 09:39,,2025-07-28 08:28,Murphysboro,United States,Restaurants,IL,whiffleboyspizza.com
18741883648,Tivoli,Kassidy Farrer,2024-01-16 16:11,(203) 403-3265,2025-09-02 13:39,Ridgefield,United States,,CT,brickhouseridgefield.com
17955097646,Lon U,,2023-11-06 10:15,(770) 441-0200,2025-04-16 09:08,Peachtree Corners,,,GA,lonunorcrosstogo.com
19420392592,Fox's Pizza Den | Michael Kumanchik,Dallas Williams,2024-03-07 15:36,724-698-7342,2025-06-26 08:07,New Castle,United States,Restaurants,PA,https://www.foxspizza.com/store/pennsylvania/new-castle-pa/
17521818945,Fratellis Pizzeria,Kassidy Farrer,2023-09-29 12:54,6094786800,2025-08-29 13:35,Sea Isle City,United States,Restaurants,NJ,fratellispizzeria.net
17520275307,Village Host Pizza & Grill Capitola,Chris Hubbard,2023-09-29 10:12,(650) 591-6791,2025-08-14 14:19,Capitola,United States,Restaurants,CA,villagehost.com
17522167629,Vintage Restaurant,Chris Hubbard,2023-09-29 14:28,(301) 228-0878,2025-08-29 14:10,New Market,United States,Restaurants,MD,https://www.vintage-eats.com/
19000553911,New York J&P Pizza (Damascus),Chris Hubbard,2024-02-06 17:09,(301) 253-1600,2025-06-27 13:40,Damascus,United States,Restaurants,MD,https://damascusjandp.com/
19615857934,Russo's | Morton Ranch,Mckay May,2024-03-20 10:50,(281) 396-4694,2025-08-04 07:58,Katy,United States,Restaurants,TX,https://nypizzeria.com/locations/morton-ranch/
20488546315,Buttermilk Sky Pie (Mansfield & Fort Worth),Sean MacCourtney,2024-04-26 17:56,(615) 472-8075,2025-09-05 11:04,Mansfield,United States,Food & Beverages,TX,buttermilkskypie.com
18805896876,Millie's Pizza,,2024-01-22 13:29,(413) 532-5300,2025-08-27 10:18,Norwell,,,MA,mymilliespizza.com
20117876318,BK's Pizza Express,,2024-04-05 15:06,(410) 766-3800,2025-02-14 06:49,Glen Burnie,,Restaurants,MD,bkspizza.com
19736533282,Pizzeria Maki,Sean MacCourtney,2024-03-28 10:15,,2025-08-04 14:07,Wilmington,United States,Restaurants,DE,pizzeriamaki.com
17819414621,Terry Ho's Quick,,2023-10-26 08:08,(706) 507-5062,2025-04-14 09:06,Columbus,United States,Restaurants,GA,terryhosqk.com
20584660147,Old Town Pizza Co (Schaumburg),Sean MacCourtney,2024-05-01 14:48,8477810820,2025-05-16 13:36,Schaumburg,United States,Restaurants,IL,oldtownpizzaco.com
18999793966,Russo's | New Caney,Mckay May,2024-02-06 15:45,(281) 354-4815,2025-08-05 13:42,New Caney,United States,Restaurants,TX,https://nypizzeria.com/locations/new-caney/
18923842723,Papa Joe’s Italian Cuisine (Lockport),Mckay May,2024-01-31 08:59,(708) 403-9099,2025-08-22 08:08,Lockport,United States,Restaurants,IL,papajoesrestaurant.com
18454634921,Kosher Charlotte / HaPina,,2023-12-18 11:28,(704) 944-6827,2025-04-22 09:05,Charlotte,United States,Food & Beverages,NC,koshercharlotte.com
18923691437,Papa Joe’s Italian Cuisine (Orland Park),Mckay May,2024-01-31 08:22,(708) 403-9099,2025-08-27 10:23,Orland Park,United States,Restaurants,IL,papajoesrestaurant.com
19021438873,Villa Maria Pizza,Sean MacCourtney,2024-02-08 10:46,(914) 834-8134,2025-08-11 10:27,Larchmont,United States,Food & Beverages,NY,villamaria.pizza
18124980235,Trevi Square Pizza,,2023-11-17 09:42,(908) 755-1944,2024-12-10 09:00,North Plainfield,United States,Restaurants,NJ,trevipizzakitchen.com
20119424873,Wild Beets Salad,Sean MacCourtney,2024-04-05 20:24,(901) 552-5604,2025-08-29 10:33,Germantown,United States,Restaurants,TN,wildbeetsalads.com
20119424599,Deniro's Pizzeria,Sean MacCourtney,2024-04-05 19:28,(716) 681-5555,2025-08-21 15:50,Depew,United States,Restaurants,NY,denirospizzeria.com
20534950293,Off the Square,Sean MacCourtney,2024-04-29 13:38,,2025-07-21 10:40,Lawrenceville,,Restaurants,IL,offthesquare.net
17922121292,Rosati's Pizza (Pewaukee),Chris Hubbard,2023-11-02 10:06,(847) 634-0039,2025-06-25 09:50,Pewaukee,United States,Restaurants,WI,https://www.rosatispizza.com/location/pewaukee-wi/
20556233805,Vince's Pasta & Pizza,Chris Hubbard,2024-04-30 09:31,(518) 736-2828,2025-08-25 11:08,Johnstown,United States,Restaurants,NY,vincespasta.com
18455799668,Armani Pizza and Pasta,,2023-12-18 13:22,(281) 676-4441,2024-10-30 16:00,Katy,United States,,TX,armani.pizza
20618026391,Simply Subs,Sean MacCourtney,2024-05-03 11:40,(724) 443-7827,2025-08-27 10:06,Allison Park,United States,Restaurants,PA,simplysubspgh.com
17589988106,TOPZ Froyo & Deli,Kassidy Farrer,2023-10-05 16:04,(931) 474-8679,2025-09-05 11:30,McMinnville,United States,Restaurants,TN,topzfrozenyogurt.com
19237388839,Cecil Whittaker's Pizzeria (South County),Mark Kim,2024-02-26 15:40,3146440515,2025-09-08 10:35,St. Louis,United States,Restaurants,MO,cwpizza.com
19615968437,Zillions Pizza,,2024-03-20 10:44,(917) 409-1227,2025-08-27 10:22,New York,United States,,NY,zillionspizza.com
17734603421,The Lazy Lion,Sean MacCourtney,2023-10-19 11:29,6034637374,2025-05-08 10:25,Deerfield,United Kingdom,Restaurants,NH,https://www.thelazylionrestaurant.com/
20196953417,Rio Açaí,Sean MacCourtney,2024-04-10 15:30,(801) 930-5249,2025-08-11 15:33,South Jordan,United States,Restaurants,UT,rioacaiutah.com
18385938812,Pizza Fino (Copperfield),Chris Hubbard,2023-12-11 14:18,(713) 528-4500,2025-09-03 09:05,Houston,United States,Restaurants,TX,mypizzafino.com
17799887953,Cimino’s Ristorante & Pizza (newest),Kemron Searle,2023-10-25 08:11,(815)239-1629,2025-08-27 10:04,Pecatonica,United States,Restaurants,IL,http://ciminospizza.com
18385939787,Magpie Bakery,Kassidy Farrer,2023-12-11 14:34,9735577155,2025-08-27 10:06,Bloomingdale,United States,Retail,NJ,magpiebakery.com
19023092074,Delhi Dhaba,Chris Hubbard,2024-02-08 11:06,(703) 524-0008,2025-08-27 10:09,Arlington,United States,Restaurants,VA,delhidhaba.com
18283645817,Aegean Pizza,Kassidy Farrer,2023-11-30 14:14,(401) 568-2725,2025-08-29 11:38,Chepachet,United States,Restaurants,RI,aegeanpizzachepachet.com
18756859207,Board & You Bistro and Wine Bar,Sean MacCourtney,2024-01-17 18:33,,2025-08-05 14:25,New Albany,United States,Restaurants,IN,boardandyoubistro.com
19486894139,Hickory Station Pizza,Sean MacCourtney,2024-03-12 10:11,(443) 967-3930,2025-09-08 10:42,Bel Air,,,MD,hickorystation.net
17631065381,Renegade Burrito - Westminster,Sean MacCourtney,2023-10-10 11:56,,2025-05-01 11:08,Westminster,United States,,CO,renegadeburrito.com
18064644478,White Maize,Josh Funes,2023-11-13 15:51,(347) 946-2493,2025-03-03 06:22,Brooklyn,United States,Luxury Goods & Jewelry,NY,whitemaizebk.com
19037730174,Twisted Sisters Pizza,Josh Funes,2024-02-09 14:30,12482706278,2025-08-27 10:17,Lake,,,MI,twistedsisterspizza.com
20530718325,"Romeo's Pizza. (Hartville, Westlake, Elyria)",Dallas Williams,2024-04-29 08:41,,2025-09-03 15:24,Elyria,United States,Restaurants,OH,romeospizza.com
18684466022,Coastal Cafe and Creamery,Dallas Williams,2024-01-11 09:27,(864) 349-1935,2025-06-26 16:20,Piedmont,United States,Restaurants,SC,coastalcafeandcreamery.com
19388519289,Bruchi's Cheesesteaks and Subs,Kassidy Farrer,2024-03-05 16:23,(360)571-5383,2025-08-28 13:36,Vancouver,United States,Restaurants,WA,bruchischeesesteaks.com
17595847186,CUMBERLAND BISCUIT CO.,Kassidy Farrer,2023-10-06 09:27,(931) 474-8670,2025-08-15 13:04,McMinnville,United States,Restaurants,TN,cumberlandbiscuitcompany.com
18999945368,Jeovanis Pizzeria,Chris Hubbard,2024-02-06 17:23,(240) 769-0021,2025-06-27 13:40,Boonsboro,,,MD,jeovanispizzeria.com
17495415076,Odd Moe's (West Salem),Sean MacCourtney,2023-09-27 10:01,(503) 779-2777,2025-08-27 10:06,Salem,United States,Restaurants,OR,https://www.oddmoes.com/west-salem/
18855890454,Finley's Tap House,Mckay May,2024-01-26 14:21,(217) 572-1996,2025-08-27 12:09,Springfield,United States,,IL,finleystaphouse.com
22188962964,Cal's Corner,Chris Hubbard,2024-08-01 16:12,(310) 901-9313,2025-08-22 16:00,Chicago,United States,Restaurants,IL,https://www.cals-corner.com/
21425168392,Pizza Garden (Lompac),Sean MacCourtney,2024-06-13 15:15,805-736-9999,2025-05-09 18:05,Lompoc,United States,,CA,lompocpizzagarden.com
21819659904,Mountain Mike's Pizza | Dalvir Singh,Chris Hubbard,2024-07-09 09:39,(650) 270-7356,2025-09-08 09:14,Fresno,United States,Restaurants,CA,https://www.mountainmikespizza.com/locations/stockton-wilson/
22537244252,Pasco's Pizza,Chris Hubbard,2024-08-21 14:19,(951) 581-5900,2025-09-08 09:11,Hesperia,United States,Restaurants,CA,http://pascospizza.com/
22872757341,Stone Pizza,Chris Hubbard,2024-09-09 15:15,(902) 329-2893,2025-09-08 09:13,The Bronx,Canada,Consumer Goods,NY,http://Www.stonepizza.ca
21646457392,Benny's Pizza,Chris Hubbard,2024-06-28 10:14,(540) 855-4488,2025-09-08 09:13,Marysville,United States,Restaurants,OH,bennysva.com
20928922721,Nothin' But Pho,,2024-05-21 09:48,(972) 645-5435,2024-05-23 15:30,Dallas,United States,,TX,https://www.nothinbutpho.com/
21546658394,Frank's Pizza,Dallas Williams,2024-06-21 22:18,(201) 651-0900,2025-07-17 07:38,Oakland,United States,,NJ,frankspizzaoakland.com
21733121346,Gumby's Pizza (Aggieland),Chris Hubbard,2024-07-03 13:35,(979) 764-8629,2025-07-17 08:32,College Station,United States,Restaurants,TX,https://gumbyspizzaaggieland.com/
21838396042,Mignano's Pizza,Chris Hubbard,2024-07-10 13:54,(717) 417-6762,2025-08-18 09:00,Felton,,,PA,https://www.mignanospizzapastasubs.com/?utm_source=gbp
21978647334,Hawks Pizza & Drive-Thru,Mckay May,2023-07-05 16:17,(419) 599-1946,2025-08-27 10:22,Napoleon,United States,Restaurants,OH,http://hawkspizza.com
21634309032,Genoa Pizza & Bar,Mark Kim,2024-06-27 13:40,,2025-09-02 15:46,Pittsburgh,,,PA,https://genoapizza.com/
21686889865,Toppled Turtle Brewing Company and Brick Oven Pizza Kitchen,,2024-07-01 08:08,(806) 421-6863,2025-08-27 10:06,Dumas,United States,Food & Beverages,TX,https://dumasbrewery.com/
22433287452,Whiffle Boys Pizza (Anna),Chris Hubbard,2024-08-15 16:06,(618) 833-6383,2025-08-25 09:46,Anna,United States,Restaurants,IL,http://www.whiffleboyspizza.com
21799616868,Astorga's Mexican Restaurant,,2024-07-08 10:27,(760)872-3849,2025-08-27 10:07,Bishop,,,CA,http://astorgasmexicanrestaurant.com
22537100310,Joe's New York Pizza,Chris Hubbard,2024-08-21 13:35,(864) 506-6505,2025-07-16 11:16,Clemson,United States,Restaurants,SC,https://www.joesnypizzaupstate.com/
20825171979,Mad Jack's Fresh Fish,Sean MacCourtney,2024-05-15 09:57,(913) 371-3384,2025-08-27 10:21,Kansas City,United States,Retail,KS,madjacksfreshfish.com
22293617283,Lemon Zest Cafe - Sierra Madre,Dallas Williams,2024-08-07 17:06,4437993711,2025-08-28 11:27,Sierra Madre,,,CA,https://lemonzest.cafe/
22855804442,Clinton Hometown Pizza,Dallas Williams,2024-07-08 14:01,(517) 456-7477,2025-08-27 10:13,Clinton,United States,Restaurants,MI,http://clintonhometownpizza.com
22065666657,Fornello Pizzeria,Chris Hubbard,2024-07-25 10:19,(412) 679-3737,2025-06-20 13:40,Pittsburgh,United States,Restaurants,PA,https://www.fornellopizzeria.com/
22428616070,Pizza Market Woburn,Chris Hubbard,2024-05-22 22:32,(781) 367-4810,2025-08-27 10:25,Woburn,United States,Restaurants,MA,http://www.pizzamarketofwoburn.com
22954500458,Union Pier Social & Casey's,Chris Hubbard,2024-09-11 15:08,(517) 250-9035,2025-09-08 09:13,Union Pier,,,MI,https://www.unionpiersocial.com/  https://www.caseysnewbuffalo.com/
21694433612,Romeo's Pizza (Bainbridge),Dallas Williams,2024-07-01 16:18,,2025-07-16 08:49,Chagrin Falls,,,OH,https://romeospizza.com/
22640070160,Arlington Cafe,,2024-08-27 10:51,(508) 369-7101,2025-07-07 11:18,Arlington,,,MA,http://www.eatarlingtoncafe.com/contact.html
22014582343,Anthony's Pizza (Inwood),Chris Hubbard,2024-07-22 15:28,(304) 886-9907,2025-09-08 09:16,Inwood,United States,Restaurants,WV,https://anthonysinwood.com/
21527798083,Five Star Pizza (Gainesville),Sean MacCourtney,2024-06-20 14:54,,2025-05-01 11:21,Gainesville,,,FL,http://fivestarpizza.net
20960045605,Enchanted Forest,Sean MacCourtney,2024-05-22 22:08,(530)303-3078,2025-08-27 10:23,Placerville,United States,Restaurants,CA,enchantedforestdining.com
21396281888,Mama Mimi's Pizza,Sean MacCourtney,2024-06-12 08:42,6145805194,2025-09-05 10:42,Columbus,United States,Restaurants,OH,mamamimis.com
22430143874,Cottage Inn Pizza (Grand Rapids),Chris Hubbard,2024-08-15 14:24,(616) 410-7111,2025-07-16 12:00,Grand Rapids,United States,Restaurants,MI,https://order.cottageinn.com/?uniqueStoreIdentifier=GREAST&y_source=1_MTAzNTcwODA2NS03MTUtbG9jYXRpb24ud2Vic2l0ZQ%3D%3D#/
22062959733,Martel's Pizza,Chris Hubbard,2024-07-25 08:23,(618) 559-9432,2025-09-08 09:12,Murphysboro,United States,Restaurants,IL,http://martelspizza.com
22190079270,Round Table Pizza | Paul Tran,,2024-08-01 16:24,(281) 762-2206,2025-07-29 11:07,Richmond,United States,Restaurants,TX,https://www.roundtablepizza.com/location/1269/
22793055762,Taquito Lindo,Chris Hubbard,2024-09-06 14:41,(716) 775-9035,2025-08-27 10:21,Buffalo,United States,Restaurants,NY,https://www.taquitolindousa.com/
22329242724,Dad's Sandwiches,,2024-08-09 11:54,(916) 448-3237,2025-08-27 10:06,Sacramento,United States,Restaurants,CA,http://www.dadssandwiches.com
22513241713,Zaronis,Chris Hubbard,2024-07-08 14:01,(920) 651-1919,2025-08-27 10:20,Oshkosh,United States,Restaurants,WI,https://zaronis.com/
21758786168,My Salad,Chris Hubbard,2024-07-05 09:16,(973) 832-7988,2025-06-19 09:04,Lyndhurst,United States,Restaurants,NJ,https://www.ordermysalad.com/
22507846915,Pizza Mia!,Chris Hubbard,2024-08-20 10:10,(814) 355-3738,2025-08-12 09:45,Bellefonte,United States,Restaurants,PA,http://bellefontepizzamia.com
21510534789,Baldino's Giant Jersey Subs (Macon),,2024-06-19 18:10,(478) 259-1575,2025-08-27 10:13,Macon,United States,Restaurants,GA,https://baldinos.us/locations/
20898427652,Flippin' Pizza (Vista),Kassidy Farrer,2024-05-19 21:01,,2025-08-15 11:39,Escondido,,,CA,https://flippinpizza.com/
22190350340,Kravitz Deli,Vanessa Wright,2024-08-01 16:23,(330)759-7889,2025-09-03 09:52,Youngstown,United States,Restaurants,OH,http://kravitzdeli.com
21713373335,My Fish Stop,,2024-07-02 14:57,(747) 205-2024,2025-08-27 10:04,North Hollywood,United States,Restaurants,CA,https://myfishstopnoho.com/
22529859906,Spankey's Una Pizza,Mckay May,2024-08-21 08:32,(812) 303-2810,2025-08-27 10:02,Evansville,United States,Restaurants,IN,http://www.spankeysunapizza.com
21925390457,Acropolis Greek Taverna,Chris Hubbard,2024-07-16 09:26,(813) 768-4202,2025-09-08 11:14,Riverview,United States,Restaurants,FL,http://acropolistaverna.com
22045667752,Public House Kitchen & Brewery,Chris Hubbard,2024-07-24 10:28,(571) 292-1427,2025-08-27 10:09,Manassas,,,VA,http://phbrewpub.com
22702037388,Gumby's Pizza (Iowa City),Chris Hubbard,2024-08-30 16:12,(319) 354-8629,2025-07-15 11:21,Iowa City,United States,Restaurants,IA,https://www.gumbyspizza.com/
21355095400,Chloe Mpls,Dallas Williams,2024-06-10 08:48,,2025-04-14 14:14,Minneapolis,United States,Restaurants,MN,chloebyvincent.com
21805032221,Fratelli's Kitchen & Bar | Maria Cannizzo,Tyler Price,2024-07-08 14:01,+1(616)454-9370,2025-09-04 16:13,Grand Rapids,United States,Restaurants,Michigan,fratellisgr.com
20852285783,Cottage Inn Pizza & Pub (Davison),Chris Hubbard,2024-05-16 14:25,(810) 214-0100,2025-07-17 08:46,Davison,United States,Restaurants,MI,https://order.cottageinn.com/?uniqueStoreIdentifier=DAVISON&y_source=1_MjQ4NjU0MjMtNzE1LWxvY2F0aW9uLndlYnNpdGU%3D#/
21944310338,Wildfire348,Chris Hubbard,2024-07-17 09:25,(765) 577-1675,2025-09-04 11:11,Crawfordsville,,,IN,https://wildfire348.com/
21383475264,Brooklyn Pizza & Pasta,Sean MacCourtney,2024-06-11 16:10,(406) 422-0801,2025-08-27 14:30,Helena,United States,Restaurants,MT,brooklynpizzahelena.com
21362251932,The Great Greek Mediterranean Grill (Maple Grove),Kassidy Farrer,2024-06-10 16:09,(763) 951-3902,2025-09-09 08:40,Maple Grove,United States,Restaurants,MN,https://www.thegreatgreekgrill.com/maple-grove-mn
22125107475,Piesanos,,2024-07-29 09:54,(802) 862-1234,2025-08-27 10:06,Burlington,United States,Restaurants,VA,http://www.JuniorsDowntown.com
20741665681,Philomena Pizza,Chris Hubbard,2024-05-10 08:33,,2025-06-03 14:10,Oakland,United States,Restaurants,CA,philomenapizza.com
20911663542,Buttermilk Sky Pie- Arlington,Sean MacCourtney,2024-05-20 14:08,(817) 617-2046,2025-09-02 13:54,Arlington,,,TX,https://buttermilkskypie.com/locations/arlington/
21948853670,Famous Pizza Of West Warwick,Vanessa Wright,2024-07-17 14:32,781-706-2468,2025-09-09 08:38,West Warwick,United States,Restaurants,RI,https://thefamouspizza.com/
22270556303,Peppino's Pizzeria & Sports Grille of Jenison,Chris Hubbard,2024-08-06 14:40,(510) 462-8379,2025-07-16 13:07,Byron Center,United States,Restaurants,MI,peppinospizza.com
22425988435,Jacobs Pizza & Italian Cuisine,Chris Hubbard,2024-08-15 08:25,(856) 224-5610,2025-08-27 10:02,Paulsboro,,,NJ,https://www.jacobspizzaitaliancuisine.com/
22642967372,Charlie's on Prior,Chris Hubbard,2024-07-08 14:01,(952) 226-5253,2025-06-26 14:16,Prior Lake,United States,Restaurants,MN,http://charliesonprior.com
22639291015,Papas pizza,Chris Hubbard,2024-08-27 09:52,(828) 285-8700,2025-06-26 09:15,Asheville,United States,Restaurants,NC,http://www.papaspizzaasheville.com
22645370935,"The Great Greek Mediterranean Grill - Cedar Park, TX - Arbor Park Shopping Center",Mark Kim,2024-08-27 17:55,(512) 528-5600,2025-09-09 13:43,Henderson,United States,Restaurants,NV,https://www.thegreatgreekgrill.com/
22747921171,Funky Pelican/Crabby Joe's/RiverGrille on the Tomoka,Chris Hubbard,2024-07-08 14:01,(386) 439-0011,2025-09-08 13:58,Flagler Beach,United States,Restaurants,FL,http://funkypelican.com
22027948554,Monterey’s Pizza,Chris Hubbard,2024-07-23 09:53,(703) 683-9400,2025-09-05 15:00,Alexandria,United States,Restaurants,VA,https://montereyspizzadelivery.com/
22697668379,Spasso,Chris Hubbard,2024-08-30 14:51,(952) 224-9555,2025-08-11 15:11,Minnetonka,United States,Consumer Goods,MN,http://www.spassomn.com/
28330875044,Charlies Pizza,Sean MacCourtney,2025-01-10 10:25,(732) 657-8663,2025-08-12 07:57,Manchester Township,United States,Restaurants,NJ,http://www.charliespizza.com
23438670606,Stone Mountain Pizza Cafe,Mckay May,2024-09-30 10:56,(770) 413-6717,2025-08-27 10:04,Stone Mountain,United States,Consumer Services,GA,http://pizzacafe.com
23623846145,The Goose's Acre,,2024-07-08 14:01,(281) 466-1502,2025-02-11 14:54,The Woodlands,United States,,TX,http://goosesacre.com
26126167592,Pizza Baby!,Minwoo Ryum,2024-11-19 15:30,(702) 508-0228,2025-09-04 13:33,North Las Vegas,United States,Restaurants,NV,https://www.pizzababylv.com
23114255271,Pudgie's Pizza & Subs (Ithaca),Chris Hubbard,2024-09-18 16:06,(607) 272-7600,2025-08-27 10:10,Ithaca,United States,Restaurants,NY,http://ithacapudgies.com
27806772600,Capos Pizzeria (Broadway),Vanessa Wright,2024-12-30 15:19,(210)362-1901,2025-08-28 14:28,San Antonio,United States,Restaurants,TX,https://www.capospizzerias.com/broadway
23459593812,Cocco's Pizza Folsom,Chris Hubbard,2024-09-30 15:43,(610) 461-1179,2025-07-16 10:30,Folsom,United States,Restaurants,PA,http://coccospizza.com
23310185795,Romeos Pizza Rootstown,,2024-09-25 16:10,(330) 578-9050,2025-08-27 10:09,Rootstown,,,OH,https://romeospizza.com/
26885640103,Bambino's Pizza & Subs (Airport Hwy),Mckay May,2024-12-10 09:08,(419) 385-3388,2025-08-27 10:24,Toledo,,,OH,https://www.orderbambinospizzasubsmenu.com
26248112565,Major League Pizza,Kassidy Farrer,2024-11-22 15:56,(360) 770-9690,2025-08-28 15:38,Everett,United States,Restaurants,WA,http://majorleaguepizza.com/
25030104749,"Local Beer, Patio and Kitchen",Mark Kim,2024-10-22 15:01,(402)991-8852,2025-09-08 14:45,Omaha,United States,Restaurants,NE,http://localbeer.co
28272477550,Panzano Pizzeria,Sean MacCourtney,2025-01-09 11:47,(973) 703-3969,2025-08-29 10:27,Montclair,,,NJ,https://www.panzanopizzeriatrattoria.com/?utm_source=gbp
26137479849,Raya's Pizzeria,Sean MacCourtney,2024-11-19 13:39,(412) 320-3692,2025-08-28 18:00,Carnegie,United States,Restaurants,PA,http://Www.rayaspizzeria.com
28232243078,Harbor and Hops,Kassidy Farrer,2025-01-08 10:37,(812) 748-2622,2025-09-08 14:13,Jeffersonville,United States,Restaurants,IN,http://harborandhops.com
23215698831,Cruisers Huntington Beach,Chris Hubbard,2024-09-23 15:38,(657) 301-2200,2025-09-07 23:08,Huntington Beach,United States,Restaurants,CA,https://www.cruiserspizzabargrill.com
23256847459,Piezoni's Pizza (Warwick/Smithfield),Sean MacCourtney,2024-09-24 18:25,(401) 921-2323,2025-07-30 11:10,Warwick,United States,Restaurants,RI,http://piezonis.com/locations/warwick
23093447713,Lovey's Pizza & Grill,Mckay May,2024-09-17 16:00,(908) 418-6152,2025-09-02 10:22,Morris Plains,United States,Restaurants,NJ,https://www.loveyspizza.com/
23458654564,Pepz Pizza & Eatery | Placentia,Kassidy Farrer,2024-09-30 15:32,(714) 572-2100,2025-09-03 09:48,Placentia,United States,Restaurants,CA,http://pepzpizzas.com
26190169449,Cottage Inn - Saline,Chris Hubbard,2024-11-22 08:32,(734) 429-4774,2025-06-26 13:40,Saline,,,MI,https://order.cottageinn.com/?uniqueStoreIdentifier=298&y_source=1_MTU1NDQzMjItNzE1LWxvY2F0aW9uLndlYnNpdGU%3D#/
25084084295,Eli's Pizza and Pasta,Sean MacCourtney,2024-10-23 11:53,(908) 436-0436,2025-08-27 10:18,Elizabeth,,,NJ,http://www.elispizzapastamenu.com
28274314787,Nora's Grill,Chris Hubbard,2025-01-08 13:27,(410) 988-3350,2025-08-27 14:30,Sykesville,United States,,MD,NorasGrillAndBistro.com
25690616102,Deangelo's,Dallas Williams,2024-11-11 14:41,(812) 961-0008,2025-08-26 15:45,Bloomington,United States,Restaurants,IN,http://deangelosbloomington.com
26330942495,Station Pizza,Mckay May,2024-11-26 08:53,(215) 676-6969,2025-08-27 10:11,Philadelphia,United States,Restaurants,PA,https://www.stationpizzakrewstown.com
27931853237,Stosh's Pizza,Kassidy Farrer,2025-01-02 09:34,(586) 567-2260,2025-08-27 10:19,Center Lane,,,MI,https://www.stoshspizza.com/
26170836625,Zorba's Pizza Grill,Dallas Williams,2024-11-21 11:44,(443) 858-4400,2025-09-02 13:49,Edgewood,United States,Restaurants,MD,https://www.zorbaspizzagrill.com/
27444845984,Seasons Pizza (Towson),Sean MacCourtney,2024-12-18 12:58,(410) 321-8707,2025-06-27 09:51,Towson,United States,Restaurants,MD,http://seasonspizza.com
26286811044,Romeo's Pizza (Davidson),Chris Hubbard,2024-11-25 08:30,(304) 280-5236,2025-09-08 09:13,Davidson,,,NC,https://romeospizza.com/
28320671354,Burrata Woodfired,Sean MacCourtney,2025-01-10 09:02,(1740) 393-2003,2025-08-06 10:51,Mount Vernon,,,OH,https://burratawoodfired.com/
23285492881,Roma's Italian Restaurant in The Colony,Chris Hubbard,2024-09-25 13:59,(972) 804-2962,2025-08-27 10:07,The Colony,United States,Restaurants,TX,https://www.romasthecolony.com/
23235544202,Sam Jones BBQ,Chris Hubbard,2024-09-24 10:43,(984) 206-2555,2025-06-19 13:51,Raleigh,United States,Restaurants,NC,http://samjonesbbq.com
26622468009,Bambino's Pizza & Subs,Mckay May,2024-12-05 11:46,(419) 535-8558,2025-08-22 08:09,Toledo,,,OH,https://www.bambinospizzatoledomenu.com
23611511840,Golden Crust Pizza & Tap,Sean MacCourtney,2024-10-07 12:09,(847) 452-3848,2025-08-28 12:06,Chicago,United States,Restaurants,IL,http://www.gctap.com
27509196072,Olly's Pizza,Sean MacCourtney,2024-12-19 13:47,(401) 357-0373,2025-08-20 09:23,Pawtucket,,,RI,https://www.myollyspizza.com/?utm_source=gbp
25277624361,Romeo's Pizza (Clayton),Dallas Williams,2024-10-30 13:05,(984) 246-9100,2025-04-10 09:54,Clayton,United States,Restaurants,NC,http://romeospizza.com
23868180778,Oscars Pizza & Sports Grile,Sean MacCourtney,2024-10-16 08:31,(402) 758-1910,2025-07-02 14:55,Omaha,United States,Restaurants,NE,https://www.toasttab.com/local/oscars-pizza-and-sports-grille-17330-lakeside-hills-plaza/r-82f4b4a6-fed4-4f99-8ca8-5f89f4257235
25578642964,Harbor Springs B.C. Pizza,Chris Hubbard,2024-11-07 09:56,(231) 526-2424,2025-06-20 14:30,Harbor Springs,United States,Restaurants,MI,http://bc.pizza
26174938540,Kyrdino's Pizza,Chris Hubbard,2024-11-21 09:17,(508) 821-5500,2025-06-20 14:21,Taunton,United States,Restaurants,MA,https://www.kyrdinos.com
23784922660,First Class Pizza,Kassidy Farrer,2024-10-11 10:29,(949) 552-5358,2025-08-28 14:40,Irvine,United States,Restaurants,CA,https://www.firstclasspizzawoodbury.com/
23759451572,Hurricane Pizza Grill,Dallas Williams,2024-10-10 09:13,(717) 684-6000,2025-08-27 11:33,Columbia,United States,Restaurants,PA,https://www.hurricanepizza.com/
25034288306,"Rosati's Pizza (Channahon, Minooka)",Chris Hubbard,2024-10-22 11:55,(815) 521-1690,2025-08-27 10:08,Channahon,,,IL,https://rosatischannahon.com/
26133939987,Brothers Pizza Dracut,Chris Hubbard,2024-11-19 15:10,(551) 208-8622,2025-09-08 09:11,Dracut,,,MA,https://www.brothersdracut.com/
23759196042,Presto Pizza and Wings,Garrett Harris,2024-10-10 08:47,+1(623)247-6368,2025-08-27 10:05,Phoenix,United States,Restaurants,Arizona,https://prestopizzawings.hungerrush.com/Account/LogOn
22998265698,Cottage Inn Pizza Allendale,Chris Hubbard,2024-09-13 19:28,(517) 214-0093,2025-09-08 09:13,Allendale,United States,Restaurants,MI,https://order.cottageinn.com/?uniqueStoreIdentifier=ALLENDALE&y_source=1_MTU1NDQzNTctNzE1LWxvY2F0aW9uLndlYnNpdGU%3D#/
23955610483,Commercial Point Cafe,Chris Hubbard,2024-10-18 08:53,(954) 731-2233,2025-08-20 16:09,Fort Lauderdale,United States,Restaurants,FL,http://commercialpointcafe.com
23285473369,Eddies Calzones,,2024-09-25 11:20,(334) 329-5111,2025-08-27 10:24,Auburn,,,AL,http://eddiescalzonesauburn.com
23329607486,Cottage Inn Pizza (Madison Heights),Chris Hubbard,2024-09-26 08:40,(734) 330-1852,2025-09-09 11:17,Madison Heights,United States,Restaurants,MI,https://order.cottageinn.com/?uniqueStoreIdentifier=MADISONHT&y_source=1_MTU1NDQzMjctNzE1LWxvY2F0aW9uLndlYnNpdGU%3D#/
25562264856,Papa Pasquales,,2024-11-06 15:21,(973) 814-4528,2025-08-27 10:14,Riverside,,,RI,https://www.papapasqualespizzeria.com/#/
23452064610,Vigilante Pizza,Mckay May,2024-09-30 10:32,4065021077,2025-08-27 10:15,East Helena,,Restaurants,MT,https://www.vigilantepizza.com/
23779341214,Pepi's,Sean MacCourtney,2024-10-11 09:20,(315) 363-7580,2025-08-28 15:49,Oneida,United States,,NY,http://pepis-pizza.com
28276687017,Presto Pizza,Chris Hubbard,2025-01-08 13:48,(732) 905-0955,2025-07-16 14:06,LAKEWOOD,United States,Restaurants,NJ,https://www.prestopies.com/
28316911634,Sarpino's Pizzeria,Kassidy Farrer,2025-01-09 13:41,(954) 441-3838,2025-08-21 08:57,Miramar,United States,Restaurants,FL,https://www.gosarpinos.com/pizza-delivery/sarpinos-miramar
25607303058,Bella's Pizzeria,Dallas Williams,2024-11-07 13:55,405-676-8436,2025-09-05 13:51,Moore,,,OK,https://www.bellaspizzeriaofmoore.com
26875498804,Fellini Newtown Square,Mckay May,2024-12-10 13:51,(215) 500-7869,2025-09-09 14:29,Newtown Square,,,PA,https://fellininewtownsquare.com/
26873803793,Rococo on Western,Sean MacCourtney,2024-12-10 15:18,(405) 400-7495,2025-08-28 15:52,Oklahoma City,United States,,OK,http://rococo-restaurant.com
28160149157,Marco Pizzeria,Sean MacCourtney,2025-01-06 10:56,(203) 641-4499,2025-08-27 10:15,Branford,United States,Restaurants,CT,https://marcopizzeria.com/
26625027873,Paolo’s Restaurant,Vanessa Wright,2024-12-05 08:35,6107753500,2025-09-09 09:55,Reading,United States,Restaurants,Pennsylvania,http://www.mypaolospizza.com
25576806053,Husson's Pizza (Christine's Locations),Chris Hubbard,2024-11-07 08:53,(304) 965-0955,2025-08-19 12:40,Elkview,United States,Restaurants,WV,https://www.toasttab.com/local/hussons-pizza-pinch/r-8b54a63f-952b-434e-bd88-b3df9dc43620
23956829719,DeFelice Bros Pizza (Weirton),Sean MacCourtney,2024-10-18 10:53,(394) 215-0214,2025-08-29 08:25,Follansbee,United States,Restaurants,WV,http://www.defelicebrospizza.com
22976392327,Anthony's Pizzeria,Chris Hubbard,2024-09-12 16:56,(864) 228-9677,2025-08-28 08:03,Simpsonville,United States,Restaurants,SC,http://anthonyssimpsonville.com
23166394411,Screpesi's Sandwich Shop,Sean MacCourtney,2024-09-20 15:30,(610) 373-9913,2025-05-15 15:43,Reading,United States,,PA,http://screpesissandwichshop.com
29539028394,Fishers Pub,Mckay May,2025-02-04 08:29,(508) 923-9757,2025-08-27 10:23,Middleborough,United States,,MA,https://www.fisherspub.com/
31045023596,Pizza Pie Cafe,Chris Hubbard,2025-03-13 15:51,(801) 763-5530,2025-08-27 10:10,Highland,United States,Restaurants,UT,https://pizzapiecafe.co/
31443762750,Jim's Razorback Pizza,Dallas Williams,2025-03-26 19:16,,2025-08-27 10:05,Fort Smith,,,AR,https://eatjimsrazorbackpizza.com/
30368933935,Buh's Bbq LLC,,2025-02-25 09:17,(850) 936-4244,2025-08-27 10:16,Navarre,United States,Restaurants,FL,http://www.buhsbbq.com/
29663443231,Colarusso's Coal-Fired Pizza,Mckay May,2025-02-06 14:01,(570) 489-2627,2025-08-27 10:07,Dickson City,United States,Restaurants,PA,https://coalfirepa.com
30344779685,Classico Pizzeria,,2025-02-24 17:06,(917) 453-7138,2025-08-27 10:17,West Islip,United States,Restaurants,NY,https://www.classicopizzeriany.com/
31441197086,Convivio Italian Artisan Cusine & Caffe Buondi,Chris Hubbard,2025-03-26 14:00,317-490-6614,2025-09-08 10:13,Carmel,,,IN,http://www.convivioindy.com
30259097477,Far East Pizza,,2025-02-20 16:15,(469) 984-7137,2025-08-30 23:26,Plano,United States,Restaurants,TX,https://www.fareastpizza.com
30543419802,Solo Burgers and Wings,,2025-02-28 13:07,(214) 434-1711,2025-09-04 09:29,Dallas,United States,Restaurants,TX,https://soloburger-usa.com/
28591913256,Red Top Pizza (FORMERLY Penny's Pizza),Mckay May,2025-01-14 16:53,(610) 960-4688,2025-09-08 07:28,Royersford,United States,Restaurants,PA,https://www.redtoppizza.net/
30188763456,Thai District,Mckay May,2025-02-19 16:03,(156) 236-2442,2025-08-27 10:10,Long Beach,United States,Restaurants,CA,http://thaidistrictrestaurant.com
30910929728,Romeo's Pizza (Elizabeth City),Dallas Williams,2025-03-10 14:31,(252) 254-1599,2025-09-03 13:31,Elizabeth City,United States,Restaurants,NC,http://www.romeospizza.com
28842629135,Boardtown Pizza and Pints,Chris Hubbard,2025-01-21 11:14,(662) 498-1555,2025-06-17 08:40,Starkville,United States,Restaurants,MI,http://boardtownpizzaandpints.com
31260745056,Apricot Stone,Dallas Williams,2025-03-20 11:56,(267) 606-6596,2025-08-27 10:21,Philadelphia,,,PA,https://apricotstonephilly.com/
30989182769,The Upper Crust,Mckay May,2025-03-12 10:09,(843) 521-1999,2025-08-27 12:00,Beaufort,United States,Restaurants,SC,theuppercrustli.com
29634857310,Liv Pure Açaí,,2025-02-05 16:28,(303) 881-2318,2025-08-29 10:18,Holladay,United States,Restaurants,UT,http://livpureacai.com
31266770586,Burma 2,Dallas Williams,2025-03-21 17:12,6503331751,2025-08-27 10:17,Walnut Creek,,,CA,https://www.burma2.com/
31023889943,Amici Pizzeria,,2025-03-12 14:50,(201) 970-1685,2025-08-27 10:03,Middletown Township,United States,Restaurants,NJ,https://www.amicipizzerianj.com/
28858455844,New York To Go,Dallas Williams,2025-01-22 11:12,(701) 934-3521,2025-09-05 14:16,Bismarck,United States,Restaurants,ND,https://www.newyorktogo.net/
29303612569,Vicino Pizza,,2025-01-29 15:55,(208) 758-7770,2025-09-04 11:39,Coeur d'Alene,United States,Telecommunications,ID,https://www.vicinopizza.com/
28924553294,Devil's Advocate,,2025-01-23 15:46,(612) 598-3700,2025-08-27 10:18,Minneapolis,United States,"Leisure, Travel & Tourism",MN,http://Www.dankellyspub.com
30150164312,Massimo's Pizza & Pasta,Mckay May,2025-02-18 14:30,(949) 631-0255,2025-08-27 10:25,Costa Mesa,United States,Restaurants,CA,https://www.massimospizza.com
31458179651,Cleats Bar and Grille,,2025-03-27 10:48,(517) 574-4008,2025-08-27 10:10,Lansing,,,MI,https://www.cleatsbarandgrille.com
31170690467,Mystic Lobster,,2025-03-18 16:25,(858) 220-1505,2025-07-31 09:12,Boca Raton,,,FL,http://Lobstermysticfl.com PMhttps://mysticlobsterrollsftl.com/
28643020054,Carbone's Pizza (Centerville),Minwoo Ryum,2025-01-15 15:40,(651) 653-7755,2025-09-05 14:39,Centerville,,,MN,https://www.carbones.com/locations/centerville/
29668029192,Big Daddy's Pizza,,2025-02-06 12:11,(801) 597-4705,2025-09-08 08:50,Kearns,United States,Restaurants,UT,https://www.bigdaddyspizza.com/locations
30633537976,BC Pizza McDonough,Dallas Williams,2025-03-04 08:39,(678) 583-1550,2025-07-07 08:31,McDonough,United States,Restaurants,GA,http://www.bcpizza.net
29349697592,LaPorta's Pizzeria,,2025-01-31 15:00,(716) 688-7740,2025-08-27 10:04,Buffalo,United States,Restaurants,NY,http://www.laportaspizzeria.com
30658388741,Secret Burger Kitchen,Mckay May,2025-03-04 13:30,(206) 412-7285,2025-09-09 11:23,Tacoma,United States,Restaurants,WA,https://www.secretburgerkitchen.com/
31341315453,Cafe Roma,,2025-03-24 17:13,(504) 450-8471,2025-09-08 14:15,New Orleans,,,LA,https://caferomauptown-online-ordering.securebrygid.com/zgrid/themes/171/intro/index.jsp
29679828080,B.C Pizza (Charlevoix),Dallas Williams,2025-02-07 08:36,(231) 547-9999,2025-08-27 10:08,Charlevoix,United States,Restaurants,MI,http://www.bcpizza.net/locations.cfm
29619966720,P & L Grill & Diner,,2025-02-05 08:11,(201) 865-1121,2025-07-30 13:46,Union City,,,NJ,http://www.pandlgrillnj.com
30301782877,Brooklyn Boy’s Pizzeria,Mckay May,2025-02-21 12:55,(704) 696-2697,2025-08-27 10:20,Cary,United States,Restaurants,NC,https://www.brooklyn-boys.com/
31209311555,The Landing,,2025-03-19 15:25,(715) 682-6727,2025-08-27 10:16,Ashland,,,WI,www.thelandingwi.com
30491212051,Bad Ass Street Tacos & Cater LLC,Mckay May,2025-02-27 17:01,(805) 370-8226,2025-08-27 10:17,Thousand Oaks,United States,Restaurants,CA,https://www.badassstreettacos.com
28854070609,Brick House Pizza,Chris Hubbard,2025-01-21 09:04,(540) 639-5793,2025-07-09 11:30,Radford,United States,Restaurants,VA,https://www.brickhousepizzava.com/
30382074735,Laventinas Big Cheese Pizza,Dallas Williams,2025-02-25 15:35,(949) 675-1980,2025-08-28 11:28,Newport Beach,United States,Restaurants,CA,http://www.laventinaspizza.com
28618519124,Romeos Pizza Apex NC,Vanessa Wright,2025-01-16 08:44,(919) 355-2920,2025-08-27 10:22,Apex,United States,Restaurants,NC,https://romeospizza.com/
30209545789,Taco Dog | 1915 E Main St,Vanessa Wright,2025-02-19 09:11,+1(864)542-8058,2025-09-09 08:42,Spartanburg,United States,Restaurants,SC,http://tacodog.com
31439702866,Firehouse Axes,,2025-03-26 19:24,,2025-08-27 10:23,Vancouver,,,WA,https://firehouseaxes.com/
30263537528,Sidelines Sports Bar,Mckay May,2025-02-20 09:09,(856) 825-1667,2025-08-27 10:17,Millville,,,NJ,http://www.sidelinesinmillville.com
31169289336,Pizzeria Dolorosa,Dallas Williams,2025-03-18 14:59,+1(608)519-1836,2025-08-27 10:16,La Crosse,,,WI,https://www.pizzeriadolorosa.com
28902045976,Frankie's Pizza,Sean MacCourtney,2020-01-03 09:41,(425) 427-6737,2025-08-11 13:45,North Bend,United States,Restaurants,WA,frankies-pizza.com
28840921253,Trattoria Ciao Wood Fired Pizza,Chris Hubbard,2025-01-21 10:31,(239) 471-0033,2025-08-26 10:38,Cape Coral,,,FL,https://www.tratciao.com/
30125529911,Cocco's Pizza Aston,Chris Hubbard,2025-02-18 11:20,(610) 494-4797,2025-08-27 10:21,Aston,United States,Restaurants,PA,http://coccosaston.com
30664877686,McDaniel's QN2 BBQ,Dallas Williams,2025-03-04 13:16,(404) 725-7100,2025-06-24 09:50,Alpharetta,United States,Restaurants,GA,https://www.mcdanielsqn2.com/
28839630399,EJ's Pizzeria,Sean MacCourtney,2025-01-21 10:07,(715) 531-0500,2025-09-02 10:15,Hudson,,,WI,http://pizzeriaejs@gmail.com
28931118243,Sergio's Pizza,Sean MacCourtney,2025-01-23 15:28,(518) 306-4400,2025-08-27 10:09,Ballston Spa,United States,Restaurants,NY,https://www.sergiosnypizza.com/saratoga-ny/
29920532393,St. Louis Pizza and Wings (High Ridge),Mark Kim,2025-02-12 15:08,(636)376-8300,2025-09-09 09:21,High Ridge,United States,Restaurants,MO,http://stlpw.com
31167617137,The Local Bar & Grille,,2025-03-18 13:38,(952) 261-8646,2025-08-27 10:16,Ashland,,,WI,http://www.thelocalbarandgrille.com
28649637740,Flippin Pizza (Bethesda),,2025-01-15 15:13,(240) 333-2490,2025-08-27 10:08,Bethesda,United States,Restaurants,MD,https://flippinpizza.com/bethesda/
30746160461,Pizza Dudes,Dallas Williams,2025-03-06 14:33,(425) 282-4899,2025-09-09 12:34,Renton,United States,Restaurants,WA,http://mypizzadudes.com
28676581532,Goodfella's Pizza,Sean MacCourtney,2025-01-16 14:01,(812) 294-3343,2025-07-31 14:00,Henryville,United States,Restaurants,IN,https://www.toasttab.com/local/goodfellas-pizza/r-ebf44c61-51d9-4aaa-807d-b5c08ce6714c
31252909837,Driftwood Catering,,2025-03-19 15:31,(715) 201-2230,2025-08-27 10:16,Ashland,,,WI,www.driftwoodcateringco.com
28577571459,Antica Pizzeria & Market,Chris Hubbard,2025-01-15 08:36,(407) 834-7770,2025-08-29 14:02,Altamonte Springs,United States,Restaurants,FL,http://www.antica-pizzeria.com
28854941755,Sals Pizza | Corporate,Dallas Williams,2025-01-21 13:58,(603) 255-3863,2025-09-05 08:03,Billerica,United States,Restaurants,MA,sals.com
28844471991,Baby Blue BBQ,Kassidy Farrer,2025-01-21 16:01,(310) 396-7675,2025-08-27 14:31,Venice,United States,Restaurants,CA,https://babybluesbbq.com/ordering
31025684407,OxVegas Chicken,Chris Hubbard,2025-03-13 13:47,(513) 255-9113,2025-08-29 13:18,Oxford,,,OH,http://www.oxvegaschicken.com/
31388550424,Village Well Taproom and Pizza,,2025-03-25 08:28,(775) 977-0614,2025-08-27 10:20,Reno,,,NV,https://www.villagewellnv.com/
28597124474,Fresco Cafe and Pizzeria,Kassidy Farrer,2025-01-15 13:56,(504) 862-6363,2025-08-26 11:05,New Orleans,United States,Restaurants,LA,http://www.frescocafe.us
28579375754,Rome Pizza,Sean MacCourtney,2025-01-14 17:01,(336) 882-5582,2025-07-09 11:07,High Point,United States,Restaurants,NC,http://www.romeitalianpizza.com/
31403926573,A Bite of Belgium Gatsbys Bistro,Mckay May,2025-03-25 20:11,(575) 727-2483,2025-08-27 10:09,Las Cruces,,,NM,https://www.abiteofbelgium.com/
31831285830,Frankie's Chicago Style,Chris Hubbard,2025-04-07 11:08,(763) 545-7767,2025-08-27 10:14,New Hope,,,MN,https://www.frankieschicagostyle.com/
33023405390,Pizza Chef,Mckay May,2024-07-08 14:01,+1(718)746-1255,2025-08-27 10:09,Whitestone,United States,Restaurants,NY,http://www.pizzachef-whitestone.com
33023400527,Sonny's Pizza II,Chris Hubbard,2024-07-08 14:01,(908) 852-1116,2025-08-27 10:19,Hackettstown,United States,Restaurants,NJ,http://sonnys2.com
32986717494,DoubleDave's PizzaWorks (Denton),Mckay May,2025-05-05 13:29,+1(940)243-3283,2025-08-27 10:18,Denton,,,Texas,http://www.doubledaves.com
32187321259,Pizaro's Pizza Napoletana TX,Mckay May,2025-04-18 14:46,713-485-0530,2025-08-27 10:04,Houston,,,TX,http://www.pizarospizza.com
33023405154,Gondolier Italian Restaurant & Pizza,Mark Kim,2024-07-08 14:01,+1(865)577-2898,2025-08-27 11:08,Knoxville,United States,Restaurants,Tennessee,http://mygondolier.com
31599448129,Sam’s Ristorante,Dallas Williams,2025-03-31 09:39,18158772127,2025-08-27 10:14,Rockford,,,IL,www.samsristorante.com
32463365555,Giuseppe's Pizzeria and Catering,Mckay May,2025-04-24 13:06,(630)608-2552,2025-09-03 14:19,Des Plaines,,,IL,http://giuseppespizzeriacatering.com
33048562074,PPK On The Park,Sean MacCourtney,2024-04-18 16:41,805.227.0777,2025-08-05 15:03,Paso Robles,United States,,CA,ppkonthepark.com
33048563354,Mancino's of Fenton,Chris Hubbard,2022-10-14 17:02,+1(810)354-8808,2025-08-27 10:24,Fenton,United States,Restaurants,MI,https://www.cbgfenton.com
33065219988,Yellow Brick Pizza,Mckay May,2018-10-24 22:04,(614) 725-5482,2025-08-08 13:31,Columbus,United States,Restaurants,OH,https://yellowbrickpizza.com/
33065220505,Il Capo Pizzeria,Sean MacCourtney,2020-01-13 14:28,(480) 951-0077,2025-08-01 10:43,Scottsdale,United States,Restaurants,AZ,ilcapoaz.com
33023399445,Le Voltaire,Sean MacCourtney,2018-10-24 22:04,(402) 934-9374,2025-09-03 10:58,Omaha,United States,Restaurants,NE,levoltaireomaha.com
33023404306,Doctor Dogs,Mckay May,2024-07-08 14:01,+1(630)980-5200,2025-08-27 10:12,Roselle,United States,,Illinois,doctordogsroselle.com
32057596315,Nicolo's Pizza,Mckay May,2025-04-15 12:13,(303)969-9000,2025-08-27 10:03,Lakewood,,,CO,http://nicolospizzalakewoodco.com
31655869063,ZPizza | 8943 Santa Monica Blvd,Minwoo Ryum,2025-04-01 13:39,(310) 360-1414,2025-08-27 10:17,West Hollywood,,,CA,https://zpizzaweho.com/
31783464239,Sam's Pizza (Newton Falls),Chris Hubbard,2025-04-04 11:09,(330) 872-0731,2025-08-27 10:05,Newton Falls,,,OH,http://samspizza44444.com
31892764842,Havertown Grille/Crust Pizza (Mornton),Mckay May,2025-04-09 09:30,(610) 449-5500,2025-08-27 10:16,Havertown,,,PA,https://crusthavertown.com/
33065219209,Gregorio's trattoria,,2023-03-29 23:51,301-296-6168,2024-04-15 13:49,Potomac,United States,Food & Beverages,MD,https://gregoriostrattoria.com/
33048564869,Giannis Pizza,Sean MacCourtney,2023-03-01 10:54,(301) 687-1000,2025-08-06 14:46,Frostburg,United States,Restaurants,MD,giannisfrostburg.com
32723438371,Two Brothers Pizza & Mexican,Kyle Baker,2025-04-28 16:55,(508)888-4555,2025-08-27 10:23,Sandwich,,,MA,http://twobrotherspizza.com
33065219469,This Guy's Pizza,,2024-06-03 16:37,(401) 228-8188,2025-04-21 09:25,Johnston,United States,,RI,thisguyspizzari.com
33065222832,"Papa's Pizza To Go | Cleveland, GA",Mckay May,2021-11-18 08:59,(706) 219-2071,2025-08-06 11:30,Cleveland,United States,Restaurants,GA,https://papaspizzatogo.hungerrush.com/Order/Menu/1005#pizza
31654462115,TJ's On The Avenue,Dallas Williams,2025-04-02 09:26,(440) 679-0514,2025-08-27 10:17,Mentor,,,OH,http://www.tjsontheavenue.com/
33048933812,Napoleones Pizza House Inc,,2020-01-13 14:28,(619) 474-2888,2025-01-28 15:20,National City,United States,Restaurants,CA,http://napoleonespizzahouse.com
33048562854,South Lanes Pizza,Mckay May,2022-10-07 17:03,(608) 788-1303,2025-08-27 10:06,La Crosse,United States,Restaurants,WI,southlanespizza.com
33065220008,Soul Veg City,,2024-02-23 09:46,(773) 224-0104,2025-04-22 09:05,Chicago,United States,Restaurants,IL,https://www.soulvegcity.com/
31504256949,Big D's BBQ Trough,,2025-03-28 15:11,(843) 254-9353,2025-08-29 10:20,Conway,,,SC,http://www.bigdsbbqtrough.com/
33065223086,a'Roma Pizza,Mckay May,2024-07-08 14:01,(260) 484-4012,2025-08-27 10:13,Fort Wayne,United States,Retail,IN,https://www.aromapizzafw.com/
32139083808,Westwood Pizza,,2025-04-18 12:02,7813293922,2025-08-27 10:02,Westwood,,,Massachusetts,http://westwood-pizza.com
33048562011,The Banks Alehouse,,2023-10-10 14:20,(907) 374-3265,2025-08-27 10:17,Fairbanks,United States,Restaurants,AK,https://www.thebanksalehouse.com/
33016733309,Northwest Pizza Company,Mckay May,2024-07-08 14:01,(208)930-4818,2025-08-27 10:16,Hayden,United States,Restaurants,ID,http://www.nwpizzaco.com
31927104393,"Kippys Place, LLc",,2025-04-10 15:51,15157106648,2025-08-27 10:13,Elkhart,,,IA,https://kippysplace.com/
33048931670,Tony's Pizza Bros,Sean MacCourtney,2020-01-13 14:28,(805) 445-4400,2025-08-27 10:16,Camarillo,United States,Restaurants,CA,tonyspizzabros.com
33065223744,Burke Street Pizza (Burke Street),Dallas Williams,2024-07-08 14:01,3367210011,2025-09-09 13:51,Winston-salem,United States,Restaurants,NC,https://burkestreetpizzas.com/?y_source=1_MjU0NDAzMTktNzE1LWxvY2F0aW9uLndlYnNpdGU%3D
33065219394,Late Night Pizza,,2024-05-01 15:55,(714) 547-7333,2025-05-20 11:09,Santa Ana,United States,Restaurants,CA,latenight.pizza
31969832223,St. Management,Mckay May,2025-04-11 12:18,2129837474,2025-08-27 10:07,", New Yor",,,NY,stmgt.com
32126463601,Sixty Six Grill & Taphouse,Tyler Price,2025-04-18 11:48,(336) 996-1243,2025-09-03 09:01,Winston-Salem,,,NC,https://sixtysixgrillandtap.com/sixtysixkernersville
33048563016,Town Hall Pizza,Dallas Williams,2024-07-08 14:01,(269) 471-7754,2025-08-19 10:35,Berrien Springs,United States,,MI,https://www.townhallpizza.com/
33048565317,Monstrous Pizza,Sean MacCourtney,2022-09-08 11:59,(626) 339-2100,2025-08-28 09:04,Covina,United States,Restaurants,CA,eatmpizza.com
31509289091,Galaxy Pizza & Arcade,Sean MacCourtney,2025-03-28 15:49,(423) 212-0102,2025-08-27 10:14,Kingsport,,,TN,http://galaxypizzaarcade.com
33048562243,Pizza Pirates,Sean MacCourtney,2022-07-28 08:48,(909) 590-1700,2025-08-19 10:54,Jurupa Valley,United States,Restaurants,CA,pizzapirates.net
33048936004,Pizza Hot-Line,Sean MacCourtney,2024-07-08 14:01,(517) 750-1132,2025-09-02 08:04,Jackson,United States,Restaurants,MI,http://pizzahot-line.com
33065219184,Neo Pizza,Dallas Williams,2023-01-25 18:30,(410) 266-7771,2025-08-27 14:57,Annapolis,United States,"Leisure, Travel & Tourism",MD,http://www.neopizza.com
33065218929,AJ's Pizza Co.,Kassidy Farrer,2018-04-28 23:37,+1(219)464-8282,2025-08-29 11:14,Chesterton,United States,Restaurants,Indiana,http://ajspizzaco.com
33049303361,Pi Local,Kassidy Farrer,2023-06-14 08:47,2393001604,2025-08-21 08:57,Punta Gorda,United States,,FL,https://pi-local.com/
33065220981,Harvard House of Pizza,,2020-01-13 14:28,(617) 864-8090,2025-04-22 15:04,Cambridge,United States,Restaurants,MA,http://harvardhouseofpizza.com
33065220726,Salerno Pizza,Dallas Williams,2022-06-03 21:07,(772) 286-5505,2025-08-27 10:09,Stuart,United States,Restaurants,FL,http://www.mysalernopizza.com/
32019968551,Pete's Famous Pizza/ Moustaki Gyros,Chris Hubbard,2025-04-14 11:52,8567455815,2025-09-08 09:12,Philadelphia,,,Pennsylvania,http://www.petesfamouspizza.com
33048562034,Society Pie,Sean MacCourtney,2023-08-07 16:06,(503) 747-4831,2025-08-22 13:39,Beaverton,United States,,OR,https://www.societypie.com/
33065220989,Sauced,Mckay May,2024-07-08 14:01,(606) 657-5584,2025-08-27 10:04,London,United States,Restaurants,KY,https://www.saucedcrafted.com
33065223550,Dam Chicken,,2024-05-14 17:43,(920) 392-7787,2025-04-21 09:17,Beaver Dam,United States,Restaurants,WI,damchicken.com
31842769490,Westside Pizza (Corporate),Dallas Williams,2025-04-07 11:08,5096848254,2025-08-27 10:22,Colville,,,WA,https://westsidepizza.com/locations/colville/
33048562282,Home Run Pizza,Mckay May,2020-01-13 14:28,7075276600,2025-08-27 10:12,Santa Rosa,United States,,CA,homerunpizzalarkfield.com
31645619335,Bocce Club Pizza,Mckay May,2025-04-01 10:06,(716) 983-3776,2025-09-05 10:13,Buffalo,,,NY,http://bocceclubpizza.com
32127391567,Peppino's Restaurant and Catering,Dallas Williams,2025-04-18 13:08,3154743663,2025-08-27 10:17,Syracuse,,,New York,http://mypeppinos.com
31475321775,Good Times Pizza (Midland),Mckay May,2025-03-27 14:23,(989) 839-0400,2025-08-27 10:06,Midland,,,MI,http://www.goodtimespizzamidland.com
31853732637,MC's Pizza,,2025-04-09 09:36,+14015486534,2025-06-23 15:06,East Providence,,,RI,http://Www.mcspizza.com
33048565349,Pizza Heaven Bistro,Mckay May,2024-07-08 14:01,(602) 277-8800,2025-08-27 10:25,Phoenix,United States,Restaurants,AZ,https://www.phbistro.com
33048932376,louswoodfirepizza,,2020-01-13 14:28,(830) 422-2150,2025-04-22 09:06,Del Rio,United States,Restaurants,TX,louswoodfirepizza.com
33065221141,Lisa's Luna Pizza,Dallas Williams,2022-07-15 08:20,(860) 651-1820,2025-09-02 08:01,Simsbury,United States,Restaurants,CT,lunapizzasimsbury.com
33048564497,Chicken Man & Gianelli's Pizza,Mckay May,2022-10-10 19:03,(414) 463-2266,2025-08-27 10:25,Milwaukee,United States,Restaurants,WI,https://gianellis.com/
33048561167,Oklahoma Pizza Company,Chris Hubbard,2024-07-08 14:01,(918) 387-8510,2025-08-29 11:46,Claremore,United States,,OK,https://www.okpizzaco.com
31473149991,Two Cousins Pizza Ephrata,Dallas Williams,2025-03-27 13:40,(717) 733-0303,2025-08-27 10:24,ephrata,,,PA,http://www.twocousinsephrata.com/free-dessert
33023405453,One6Three,Tyler Price,2023-03-01 10:03,2037775141,2025-09-08 09:09,New Haven,United States,Restaurants,CT,https://www.one6threect.com
33065219844,Guiseppe's Pizza,Chris Hubbard,2018-04-28 23:37,(330) 644-8842,2025-08-27 10:07,Akron,United States,,OH,myguiseppes.com
31669326449,CluckU of Red Bank,Dallas Williams,2025-04-02 09:54,+17328903008,2025-08-27 10:13,Red Bank,,,New Jersey,https://www.cluckuchicken.com/location/new%20jersey/nj04-34-red-bank
31785401426,Lindey's Inc.,Dallas Williams,2025-04-04 15:01,(651) 796-8601,2025-09-08 10:00,Saint Paul,,,MN,http://www.theplaceforsteak.com
33048562690,Pizza Man,Mckay May,2024-01-03 15:06,(763)533-6760,2025-08-06 11:36,Maple Grove,United States,Restaurants,MN,pizzamanmg.com
33048933893,Moon Dog Brick Oven,Dallas Williams,2025-02-26 13:40,(276) 525-1655,2025-08-28 13:34,Wytheville,United States,Restaurants,VA,https://www.moondogbrickoven.com
32847895554,Hungry Howie's | (Tom Hutchinson & Douglas Myers),Tyler Price,2025-05-01 14:11,+19897720044,2025-09-04 10:14,Mt. Pleasant,,,MI,https://www.hungryhowies.com/stores/mi/mt-pleasant/111-s-mission?utm_source=google&utm_medium=organic&utm_campaign=googlebusinessprofile
33023402424,Duncan City Pizza,,2023-07-17 15:18,(231) 445-2100,2025-08-27 10:07,Cheboygan,United States,Restaurants,MI,https://www.duncancitypizza.com/
33065223737,Italian Gardens,Dallas Williams,2022-10-06 17:03,(410) 821-0292,2025-08-26 10:32,Towson,United States,Restaurants,MD,italian-gardens.com
31614403505,Primo Brothers Pizza,Dallas Williams,2025-03-31 13:56,(214) 341-4414,2025-08-27 10:12,Dallas,,,TX,http://primobrotherspizza.com
31655535419,Zeppe's Pizza,Mckay May,2025-04-01 08:48,(440) 833-4024,2025-08-27 10:18,Willowick,,,OH,http://zeppes.com/willowick
32736545706,Casa Bianca Pizza Pie,Dallas Williams,2025-04-28 17:10,(323) 256-9617,2025-08-27 10:17,Los Angeles,,,CA,https://casabiancapizza.com/
33048933428,Uncle Nick's Pizza,Chris Hubbard,2024-07-08 14:01,(941) 255-9090,2025-08-26 10:10,Port Charlotte,United States,Restaurants,FL,https://unclenickspizza.hungerrush.com/Order/OrderType
31702433641,Brabo Pizza,Tyler Price,2025-04-02 15:05,+18017180525,2025-09-02 13:08,Salt Lake City,,,UT,http://Brabopizza.com
33023402923,Paso's Pizza Kitchen,Sean MacCourtney,2024-07-08 14:01,8053692696,2025-08-27 10:04,Paso Robles,United States,Restaurants,CA,http://www.pasopizzakitchen.com
31472959263,Nickys Deep Dish Pizza,,2025-03-28 10:35,484-994-2020,2025-09-02 10:48,Lansdale,,,PA,https://www.nickysdeepdish.com/
33048562982,Josephs Pizza Parlor,,2023-08-22 09:53,(215) 722-7000,2025-04-22 09:05,Philadelphia,United States,Restaurants,PA,https://www.josephspizzaparlor.com/
32359251516,Powerhaus Wholesome Pizza & Eats,Mckay May,2021-04-23 11:16,(858) 886-7666,2025-08-27 10:12,San Diego,United States,Restaurants,CA,https://www.powerhauspizza.com
33065219375,Five Corners Pizza,Sean MacCourtney,2022-11-15 09:44,(401) 475-9229,2025-08-27 10:24,Pawtucket,United States,,RI,fivecornerspizza.com
33065220655,Pizza and Then Some,Sean MacCourtney,2018-04-28 23:37,(864) 442-5022,2025-07-11 14:51,Easley,United States,Restaurants,SC,pizzaandthensome.net
34779909644,Hungry Howie's | Jeff Hearn (Legacy Store - No Agreement),Minwoo Ryum,2025-03-25 15:15,(734)427-5050,2025-08-27 10:21,Livonia,,,MI,http://hungryhowies.com
33809807663,Pizza Pit Madison,Dallas Williams,2025-05-21 16:53,608-222-5001,2025-08-27 10:19,Madison,,,WI,http://pizzapit.com
33070033716,Fresh Meadows Pizzeria,Sean MacCourtney,2022-12-13 18:30,(718) 217-2700,2025-07-29 15:30,Fresh Meadows,United States,Restaurants,NY,https://www.fmpizzeria.com
33371568390,Clay Pit,Dallas Williams,2025-05-12 14:16,5123225131,2025-08-27 10:15,Austin,,,TX,http://claypit.com
34668444535,Hungry Howie's | Keith Smith,Minwoo Ryum,2025-04-15 11:59,(912) 384-5500,2025-08-27 10:03,Douglas,,,GA,https://www.hungryhowies.com/store/hungry-howies-02407
35039919773,Fox's Pizza Den | Bobby Bucci,Dallas Williams,2025-05-30 10:33,(724) 845-5581,2025-09-06 08:46,Leechburg,,,PA,http://foxspizza.com
33361157215,The Standard Restaurant,,2025-05-12 13:47,2399108933,2025-08-28 11:44,"Fort Myers,",,,FL,http://thestandardftmyers.com
34779926048,Pizza Factory  (Live Oak),Kassidy Farrer,2025-06-05 15:46,(530) 695-3232,2025-09-04 09:41,Live Oak,,,California,https://www.pizzafactory.com/
35040474547,Fox's Pizza Den | John Faatz,Dallas Williams,2018-09-13 09:13,3043670000,2025-08-27 10:23,Murrysville,United States,Restaurants,PA,foxspizza.com
34840057475,MEDI Kitchen + Cocktail,Tyler Price,2025-06-08 19:05,+1(773)857-1016,2025-09-09 14:41,Chicago,,,IL,https://www.medichicago.com/
35042470804,Mountain Mike's Pizza | Davis,Chris Hubbard,2025-05-01 14:11,(530) 564 7000,2025-08-27 10:25,Davis,,,CA,https://www.mountainmikespizza.com/
34380791416,Napoli's Pizza Kitchen,Mckay May,2020-01-13 14:28,(818) 909-0100,2025-08-12 11:26,Los Angeles,United States,Restaurants,CA,napolispizzakitchen.com
34380799868,DoubleDave's Pizzaworks | Corporate,Evan Cucuk,2025-03-14 14:26,+1(512)864-3283,2025-08-27 10:16,Georgetown,United States,Restaurants,Texas,https://www.doubledaves.com/locations/tx/georgetown/georgetown/
35043109003,Mountain Mike's Pizza Folsom,Dallas Williams,2025-03-05 14:54,(916) 817-1207,2025-08-27 11:33,Oakland,United States,Restaurants,CA,https://www.mountainmikespizza.com/
33065224080,YR Pizza Planet,Minwoo Ryum,2024-10-08 15:51,5596381006,2025-08-29 17:09,Orange Cove,United States,Restaurants,CA,http://www.yrpizzaplanet.com
35128083852,Mountain Mike's Pizza | Harwinder Singh,Chris Hubbard,2024-06-25 16:01,(925) 453-6903,2025-08-27 10:19,Livermore,United States,Restaurants,CA,https://www.mountainmikespizza.com/locations/livermore-catalina/
34372753054,Sushi Sogo,Minwoo Ryum,2024-07-12 12:25,9546050072,2025-08-05 09:26,Cooper City,United States,Restaurants,Florida,http://sushisogo.com
35045325701,Mountain Mike's Pizza | Jimmy Singh,Christian Carmicheal,2025-02-06 15:25,2099524141,2025-08-27 12:29,San Jose,United States,Restaurants,CA,http://mountainmikespizza.com
34779910231,"Hungry Howie's | Bird of College Station, LLC",Chris Hubbard,2025-01-16 09:24,(979) 693-6666,2025-06-17 12:40,College Station,,,TX,https://www.hungryhowies.com/
35011190664,Fox's Pizza Den | Richard Dutrow,Dallas Williams,2025-03-25 09:25,717-552-2372,2025-08-27 10:17,Chambersburg,,,PA,https://foxspizza.arrowpos.com/Chambersburg
35038971936,Fox's Pizza Den | Michael Gray,Dallas Williams,2025-01-28 14:26,814-479-4411,2025-09-09 10:58,Davidsville,United States,Restaurants,PA,http://foxspizza.com
35011194505,Fox's Pizza Den | Connor McBriar,Dallas Williams,2023-12-08 08:08,724-515-2237,2025-04-30 13:58,Irwin,,,PA,https://www.foxspizza.com/
33065228425,Arturo's pizza kitchen,Dallas Williams,2024-07-08 14:01,(419) 698-1641,2025-08-27 10:24,Northwood,United States,Restaurants,OH,https://www.arturospizzakitchen.com/
35011722420,Fox's Pizza Den | Tammy Watson,Dallas Williams,2025-02-19 08:25,(570) 948-9180,2025-09-09 08:24,Wellsboro,United States,Restaurants,PA,https://www.foxspizza.com/
34380791336,Mac's Pizza Shack,Sean MacCourtney,2018-04-28 23:37,(608)756-4191,2025-07-15 11:20,Janesville,United States,Restaurants,WI,macspizzashack.com
34282329613,Tryst Cafe (Phoenix and Chandler),Mckay May,2025-05-27 11:46,602-689-7515,2025-09-05 11:40,Phoenix,,,Arizona,https://trystcafe.com/
33711761166,Blackstone,Mckay May,2025-05-20 10:48,(319)338-1770,2025-09-09 09:20,Iowa City,,,IA,http://blackstone-ic.com
34884572971,Palermo Pizza & Pasta,Chris Hubbard,2025-06-09 15:05,4254430963,2025-09-09 13:04,Seattle,,,WA,https://www.palermopizzaandpasta.com/b2zgcocr/restaurant/order-online
34668508417,Hungry Howie's Orange City | Khoury Pizza LLC,Dallas Williams,2025-03-26 11:52,(386) 775-0550,2025-08-27 10:08,Orange City,,,FL,http://hungryhowies.com
34993942442,"Fox's Pizza Den | Seneca, Franklin",Mark Kim,2025-06-12 14:06,814-657-1158,2025-08-27 10:07,"Seneca, Franklin",,,PA,https://foxspizza.arrowpos.com/franklin
33754087824,Operators Club,Kassidy Farrer,2025-05-21 09:11,+1(469)389-2121,2025-09-08 08:53,Dallas,,,Texas,http://www.operatorsclub.com/
35038806528,Fox's Pizza Den | Megan Crisi,Minwoo Ryum,2025-04-14 12:54,724-701-6430,2025-08-27 10:16,Burgettstown,,,PA,https://www.foxspizzadenburgettstown.com/
33065223845,The Original Pizza Place,Chris Hubbard,2024-07-08 14:01,740-374-4333,2025-08-26 11:48,Marietta,United States,Restaurants,Ohio,http://theoriginalpizzaplace.com
33065424551,Mancino's Pizza (New Castle),Dallas Williams,2025-05-06 09:41,(765) 529-8868,2025-08-28 15:49,New Castle,,,IN,https://mancinosnewcastle.com/
34380791347,Capuano's Pizza House,Mckay May,2018-04-28 23:37,+1(740)927-7681,2025-08-27 10:14,Pataskala,United States,Restaurants,Ohio,capuanospizzahouse.com
33065225131,Italia Gardens,Mckay May,2024-07-08 14:01,(810) 720-4112,2025-08-27 10:11,Flint,United States,Restaurants,MI,http://italiagardens.com
33220596838,ZPizza | Goker Ozdamar,Tyler Price,2025-05-08 13:28,(714) 968-8844,2025-08-29 11:31,Huntington Beach,,,CA,https://www.zpizza.com
35038971151,Fox's Pizza Den | Theresa Krentz,Dallas Williams,2025-02-03 09:44,412-666-0400,2025-08-27 10:13,Monroeville,,,PA,https://foxspizza.arrowpos.com/monroeville
34856867369,3 Amigos Southwest Grill,Sean MacCourtney,2025-06-08 19:05,+1(701)577-7755,2025-07-29 11:05,Williston,,,North Dakota,http://3amigosgrill.com/
35011722833,Fox's Pizza Den | Billy Bortz,Dallas Williams,2024-07-23 08:08,17244683300,2025-08-24 07:39,Murrysville,United States,Restaurants,PA,https://www.foxspizza.com/store/pennsylvania/murrysville-pa/
35045326162,Round Table Pizza | Alireza Vahdat,Howell Asay (Deactivated User),2020-01-03 09:41,(209) 637-3966,2025-09-08 10:51,Stockton,United States,Restaurants,CA,https://ordering.roundtablepizza.com/site/rt1169?1169
35041480995,Fox's Pizza Den | Derrick,Dallas Williams,2024-07-08 14:01,+1(412)381-9300,2025-08-27 10:24,Robinson Township,United States,Restaurants,Pennsylvania,foxspizzamtwashington.com
33065227870,Winners Pizza,Chris Hubbard,2022-08-16 08:15,(805) 379-4212,2025-08-25 09:40,Thousand Oaks,United States,Restaurants,CA,http://winnerspizza.com
34443789956,Pizza Del Aureos,Vanessa Wright,2018-04-28 23:37,+1(716)655-3345,2025-08-27 10:22,East Aurora,United States,Restaurants,New York,http://pizzadelaureos.com
33750426662,Nick's Place | Raymond,Mckay May,2025-05-21 09:27,(603)895-4114,2025-08-27 10:05,Raymond,,,NH,http://nicksplaceonline.com
34442180467,Enzo's Pizzeria,Kassidy Farrer,2018-10-24 22:03,(310) 208-3696,2025-08-27 15:16,Los Angeles,United States,Restaurants,CA,http://www.enzospizzeria.com/
35011193678,Fox's Pizza Den | Sidney Fritz,Dallas Williams,2023-12-05 10:36,(870) 268-9797,2025-08-27 10:11,Bono,United States,Restaurants,AR,http://foxspizza.com
35011194698,Fox's Pizza Den | Jessica Davis,Dallas Williams,2023-12-05 13:55,(304) 367-0000,2025-08-27 10:09,Olla,United States,Restaurants,LA,https://www.foxspizza.com/
35045326415,Mountain Mike's Pizza | Ron Gill,Kassidy Farrer,2024-12-13 15:46,(559) 261-5617,2025-09-02 13:44,Stockton,United States,Restaurants,CA,https://www.mountainmikespizza.com/locations/stockton-robin-hood/
35141238022,Mountain Mike's Pizza | Bains,Dallas Williams,2025-02-19 17:16,(916) 212-7914,2025-08-27 15:08,Newport Beach,United States,Restaurants,CA,http://www.Mountainmikes.com
33361867299,DoubleDave's Pizzaworks Arbor Trails,Mckay May,2025-05-12 14:41,(512) 377-3283,2025-09-09 13:28,Austin,,,TX,https://www.doubledaves.com
34217946666,Gaetano's Ristorante,Mckay May,2025-05-27 11:20,7023409351,2025-08-29 10:45,,,,,http://www.gaetanoslasvegas.com
34335626814,Pizza Factory (CA & WA),Kassidy Farrer,2025-05-28 12:01,(360) 293-1000,2025-08-27 10:14,Anacortes,,,Washington,https://www.pizzafactory.com/anacortes/
34994935933,Fox's Pizza Den | Hiram & Heather Jude,Tyler Price,2025-06-12 13:41,269-420-5979,2025-09-03 08:53,Battle Creek,United States,Restaurants,MI,https://www.foxspizza.com/store/michigan/battle-creek-mi/
35043108633,Mountain Mike's Pizza | Moreno Valley,Chris Hubbard,2025-04-07 11:09,(408) 846-1900,2025-08-27 10:08,Gilroy,,,CA,http://mountainmikespizza.com
35039908141,"Fox's Pizza Den | Boswell, Richland Twp, Roaring Springs",Dallas Williams,2024-12-18 13:51,8142444719,2025-09-05 11:56,,,,PA,https://www.foxspizza.com/
35011191404,Fox's Pizza Den | Chad Shaffer,Evan Cucuk,2024-02-29 11:33,+17242653697,2025-06-11 19:27,Russellton,United States,Restaurants,PA,http://foxspizza.com
33070033558,Mozzarella di Bufala,Dallas Williams,2020-01-13 14:28,(415)742-4931,2025-08-27 10:22,San Francisco,United States,Restaurants,CA,http://calibursf.com
35039919920,Fox's Pizza Den | Jay Patel,Vanessa Wright,2024-01-09 16:29,912-239-4419,2025-09-04 13:53,Savannah,,,GA,http://foxspizza.com
35011722850,Fox's Pizza Den | Christopher Rearick,Dallas Williams,2024-03-12 12:07,(724) 915-8648,2025-08-27 10:21,Homer City,United States,Restaurants,PA,https://www.foxspizza.com/store/pennsylvania/homer-city-pa/
34812622415,Oasis Diner,Vanessa Wright,2025-06-08 19:05,+1(317)837-7777,2025-09-09 07:25,Plainfield,,,Indiana,http://www.oasisdiner.com/
33065225066,Boomer's Wall Street Pizza,Chris Hubbard,2024-07-08 14:01,(503) 668-3578,2025-06-27 13:47,Sandy,United States,Restaurants,OR,http://boomerspizza.com
34743099498,Hungry Howie's | Frank Patel,,2025-04-24 15:54,(205) 829-1122,2025-08-27 10:22,Irondale,,,AL,https://www.hungryhowies.com/
35012631385,Madela Pizza Pasta,Sean MacCourtney,2025-06-12 15:47,+1(323)433-3944,2025-08-27 10:21,Los Angeles,,,California,https://www.madelapizzandpasta.com/
34372673293,Andrina's Pizzeria,Kassidy Farrer,2023-01-18 17:30,+1(781)648-4800,2025-09-08 12:40,Arlington,United States,Restaurants,Massachusetts,andrinaspizza.com
33081479179,The Pizza Gene,Dallas Williams,2025-05-06 12:33,+1(772)888-3338,2025-08-27 10:16,Stuart,,,Florida,http://www.pizzagene.com/
35041273684,Fox's Pizza Den | John Clemens,Minwoo Ryum,2025-01-14 10:34,724-463-8500,2025-09-04 10:23,Indiana,United States,Restaurants,PA,http://foxspizza.com
33065227285,Silvio's Restaurant & Pizzeria,Sean MacCourtney,2024-07-08 14:01,(914) 769-6077,2025-06-16 09:02,Thornwood,United States,Restaurants,NY,https://www.silviosrestaurant.com/
34742916883,"Hungry Howie's | Jacinto Foods, Inc.",Chris Hubbard,2024-10-11 11:54,(269) 945-5500,2025-07-11 09:10,Hastings,United States,Restaurants,MI,http://hungryhowies.com
35045325312,Mountain Mike's Pizza | Benicia,Vanessa Wright,2025-05-01 14:11,,2025-08-27 10:25,Benicia,,,CA,http://mountainmikespizza.com
34358025524,Fiori,Kemron Searle,2025-05-28 13:21,+1(832)904-5522,2025-09-03 09:55,Houston,,,Texas,https://fiorihtx.com/
33112083325,3.14 Pizza,Minwoo Ryum,2025-05-07 12:07,+1(540)667-8088,2025-08-27 10:23,Winchester,,,VA,http://www.314pizzava.com
35041480560,Fox's Pizza Den | Sajjad Gul,Dallas Williams,2024-07-08 14:01,+1(412)331-3131,2025-09-02 15:56,McKees Rocks,United States,Consumer Goods,Pennsylvania,foxspizzamckeesrocks.com
35039917913,Fox's Pizza Den | Willie McElroy,Vanessa Wright,2025-06-10 09:25,7245629272,2025-09-09 12:38,Chalkhill,,,PA,https://www.foxspizza.com
34901869957,Spiro's Port Orchard,Sean MacCourtney,2025-06-10 12:58,3608769000,2025-08-27 10:08,Port Orchard,,,WA,http://www.portorchardspiros.com
35011723275,Fox's Pizza Den | Chris Rearick,Dallas Williams,2023-12-11 09:42,7244226634,2025-09-08 14:35,Saltsburg,,,PA,https://www.foxspizza.com/
33079779922,Pickleman's Gourmet Cafe (Noblesville),Sean MacCourtney,2025-05-06 13:54,(317) 900-1975,2025-08-27 10:11,Noblesville,,,Indiana,https://www.picklemans.com/locations/
35011722804,Fox's Pizza Den | Seth Righi,Dallas Williams,2024-10-28 09:57,(423) 502-2008,2025-09-04 09:32,Johnson City,United States,Restaurants,TN,https://foxspizzajc.com/
33214582622,North Point Cafe,Mckay May,2025-05-09 09:59,+19405911988,2025-08-27 10:18,Denton,,,TX,https://www.northpoint-cafe.com/
34442195978,Broadway Pizzeria South,Dallas Williams,2022-06-03 21:06,(205) 722-1047,2025-08-27 10:22,Tuscaloosa,United States,Restaurants,AL,broadwaypizzatuscaloosa.com
35011194422,Fox's Pizza Den | Greg Scampone,Dallas Williams,2023-12-19 16:02,14125225370,2025-08-27 14:47,Oakmont,United States,Computer Software,PA,https://foxspizza.arrowpos.com/oakmont
34704978544,Hungry Howie's Pizza & Subs,Dallas Williams,2025-04-07 11:45,+1 813-870-6111,2025-08-27 10:21,Tampa,US,,FL,https://www.hungryhowies.com/stores/fl/tampa/5802-n-armenia
35039919728,Fox's Pizza Den (Bridgette Vandevere),Dallas Williams,2025-06-03 08:33,6625710215,2025-09-08 14:16,Winnsboro,,,LA,http://foxspizza.com
34822893920,Tiny's Coffee Bar,Tyler Price,2025-06-08 19:05,+1(219)427-0418,2025-09-02 14:24,Gary,United States,Restaurants,IN,https://www.tinyscoffeebar.com/
35011190319,Fox's Pizza Den | Scott Lane,Vanessa Wright,2025-06-10 12:07,330-897-5004,2025-09-09 11:46,Baltic,,,OH,https://www.foxspizza.com/store/ohio/baltic-oh/
33065227812,Sherrilli's Pizzeria,Chris Hubbard,2023-01-03 14:45,(812) 246-3346,2025-04-23 13:57,Sellersburg,United States,,IN,https://sherrillispizzeria.com/
35138959245,Motor City Pizza,Vanessa Wright,2025-06-16 10:04,+1(972)654-6276,2025-08-27 10:08,Lewisville,,,Texas,https://www.motorcitypizzatx.com/
33065228325,Giorgio’s Pizza & Subs,Kassidy Farrer,2023-01-09 17:30,(610) 524-6104,2025-09-02 11:06,Exton,United States,Restaurants,PA,http://giorgiosofexton.com
35011194923,Fox's Pizza Den | Michelle Bell,Minwoo Ryum,2019-11-13 11:47,318-728-3130,2025-08-27 10:21,Rayville,United States,,LA,http://foxspizzarayville.com
33427960713,Guido's Premium Pizza (Waterford),Kassidy Farrer,2025-05-06 15:17,(248) 673-8410,2025-09-02 09:17,Waterford,,,MI,http://www.guidospremiumpizza.com
35043108171,Round Table Pizza | Jobanpreet Randhawa,Chris Hubbard,2024-10-17 12:04,(510) 614-0500,2025-06-24 09:40,San Leandro,,,CA,https://www.roundtablepizza.com/?olonwp=JjBtp_vMLk25gkYh_bnoiQ
34505503557,Angelo's Pizza and Pasta,Dallas Williams,2025-06-02 09:33,2813322404,2025-08-27 10:22,Webster,,,TX,http://www.angelospizza-pasta.com
35011722794,Fox's Pizza Den | Caressa Chapman,Dallas Williams,2025-01-15 13:36,(304) 269-3697,2025-08-27 10:11,Weston,,,WV,https://www.foxspizza.com/
35011193635,Fox's Pizza Den | Tommy Wynkoop,Dallas Williams,2025-02-04 11:29,(814) 446-8342,2025-09-08 16:41,Seward,United States,Restaurants,PA,https://www.foxspizza.com/store/pennsylvania/seward-pa/
35452140820,Transilvania Restaurant and Bar,Minwoo Ryum,2025-06-26 09:27,+1(203)248-3968,2025-08-28 08:37,East Haven,,,Connecticut,http://www.transilvaniact.com/
38983038106,Happy Joe's (Kewanee),Mark Kim,2025-08-29 08:54,3095400999,2025-08-29 09:21,Kewanee,,,IL,happyjoeskewanee.com
35254283358,Joe's Pizza (Jake Betts),Minwoo Ryum,2025-06-20 14:04,+16184389328,2025-08-28 10:08,Herculaneum,,,MO,https://order.spoton.com/so-joes-pizza-and-pasta-herculaneum-23102/herculaneum-mo/67e193914e27f2261a38c675
35274553735,Genova's Italian Restaurant & Brewery (West York),Minwoo Ryum,2025-06-20 12:16,7177924602,2025-08-29 09:18,West York,,,PA,http://www.genovaspizza.com/
35696118437,Gaetano’s West Berlin pizza,Minwoo Ryum,2025-07-03 11:53,+18567531919,2025-08-27 10:08,West Berlin,,,NJ,https://gaetanoswestberlin.com/
36445325643,Beef 'O' Bradys  | Carrie Owen,Minwoo Ryum,2025-06-26 15:55,7637538000,2025-08-27 10:08,St Francis,,,MN,http://www.beefobradys.com
36651029908,Cedar Grill and Pizza,Tyler Price,2025-07-23 16:31,+  1 (551) 574-5556,2025-08-27 10:19,Caldwell,,,NJ,https://cedargrillandpizza.com/
35985903722,The Beach Hut Deli Auburn,Mark Kim,2025-07-10 11:19,,2025-08-27 10:24,Auburn,,,CA,beachhutdeli.com
36960519708,Taqueria El Camino,Minwoo Ryum,2025-07-29 16:46,+17174671498,2025-09-02 11:26,"Dover,",,,PA,https://elcaminopa.com/
37441171891,Serendipity3,Minwoo Ryum,2025-08-08 11:12,(212) 838-3531,2025-09-05 11:14,New York,,,NY,https://serendipity3.com/
36966489413,Kathmandu Curry and Bar,Tyler Price,2025-07-21 16:15,8324664178,2025-09-02 15:03,Houston,,,TX,https://www.kcurryandbar.com/
36995855749,Emil's Hideaway,Tyler Price,2025-07-15 15:21,3197433123,2025-09-09 13:15,Cedar Rapids,,,IA,https://emilshideaway.com/
36996012985,Crabbae West Bar & Grill,Mark Kim,2025-07-30 09:42,,2025-08-27 10:05,West Orange,,,NJ,https://crabbaewest.com/
36283914542,The 120 Bar and Grill,Minwoo Ryum,2025-07-15 11:15,+19706172792,2025-08-27 10:07,loveland,,,CO,https://the120barandgrill.com/
36288277601,Fox's Pizza Den | Frank Mascara,Mark Kim,2024-11-05 07:53,740-623-8799,2025-08-27 10:06,Millvale,,,PA,https://www.foxspizza.com/store/pennsylvania/millvale-pa/
36242425632,Coachella Pizza Co,Tyler Price,2025-07-01 17:06,+1(760)391-9900,2025-08-27 10:21,Coachella,United States,Restaurants,CA,https://www.coachellapizzaco.com/
38224588150,Cottage Inn (New Hudson),Vanessa Wright,2025-08-18 10:13,,2025-08-28 10:13,New hudson,,,Mi,Cottageinn.com
36276397718,"Social Bar & Grill Soulard, LLC",Mckay May,2025-07-15 09:34,3148049373,2025-08-28 10:39,St. Louis,,,MO,https://www.socialbarandgrillsoulard.com/
35158858369,Craft Burger Co.,Vanessa Wright,2025-06-17 10:48,+1(714)983-7558,2025-08-27 10:10,Placentia,,,CA,http://craftburgercompany.com
36727767040,Gios Flying Pizza & Pasta,Mark Kim,2020-01-13 14:28,+1 281-337-0107,2025-08-27 10:15,Dickinson,United States,Restaurants,TX,giosflyingpizza.com
37746363261,Gino's Pizza Place,Mark Kim,2018-04-28 23:37,7169032153,2025-09-04 14:16,Tonawanda,United States,Restaurants,NY,https://www.ginospizzaplace.com/
35598115434,Chick-fil-A | St. Augustine,Kemron Searle,2025-05-09 08:11,9043471797,2025-09-09 14:12,St Augustine,,,Florida,https://www.chick-fil-a.com/locations/fl/sr-16-inman-road
35376018856,Mehfil,Minwoo Ryum,2024-03-28 12:28,(828) 412-5151,2025-08-27 10:19,Asheville,,,North Carolina,http://www.mehfilasheville.com/
35632660066,Blaze Pizza | Shannon Curlee,Minwoo Ryum,2025-07-02 15:19,,2025-08-27 10:14,Albuquerque,,,New Mexico,www.blazepizza.com
36316002471,Stuft Pizza - Rancho Palos Verdes,Mark Kim,2025-07-16 14:03,+13105191411,2025-08-27 10:20,Rancho Palos Verdes,,,CA,https://www.orderstuftpizzamenu.com/?utm_source=gbp
35673434748,Blaze Pizza | Hemet,Dallas Williams,2020-01-03 09:41,(732) 814-6596,2025-08-27 10:24,Pasadena,United States,Restaurants,CA,https://www.blazepizza.com/
37052364367,600 Downtown,Mckay May,2022-03-25 15:10,937.599.6600,2025-09-09 11:30,Bellefontaine,United States,Restaurants,OH,https://600downtown.com/
36966481768,Slice of the 80's,Chris Hubbard,2024-07-08 14:01,(313) 443-1704,2025-09-09 06:52,Westland,United States,Restaurants,MI,http://www.sliceofthe80s.com
35163683235,Jet's Pizza | JP MN Investments Inc.,Chris Hubbard,2024-02-05 18:05,(320) 230-5387,2025-09-09 11:18,St Cloud,United States,Restaurants,MN,https://www.jetspizza.com/stores/minnesota/saint-cloud/19-7th-ave-s/
39170638349,Hidden Sushi Orlando,Minwoo Ryum,2025-09-04 15:03,2039235121,2025-09-05 12:06,Orlando,,,FL,https://www.hiddensushiorlando.com/
35697277812,Blaze Pizza | Nevada Foods Group LLC,Tyler Price,2025-03-13 16:48,916-212-0610,2025-08-27 10:20,"Reno, Sparks",United States,Restaurants,NV,http://blazepizza.com
37321288011,Mountain Mikes Pizza (Salinas),Mark Kim,2025-08-05 16:10,+18314491200 (Store),2025-09-08 15:24,Salinas,,,CA,https://www.mountainmikespizza.com/menu/?utm_source=google&utm_medium=local&utm_campaign=localmaps
35214073635,Fox's Pizza Den | Daniel Baumgardner,Vanessa Wright,2025-06-12 13:41,330-892-5176,2025-08-27 10:18,Columbiana,,,OH,https://www.foxspizza.com/store/ohio/columbiana-oh/
38746615220,Figaro's Pizza - Creswell,Kassidy Farrer,2023-05-30 10:53,(541)895-5205,2025-09-05 09:37,Creswell,United States,Restaurants,OR,https://figaros.com/locations/figaros-pizza-creswell/
37554889394,Tito's Pizza,Tyler Price,2025-08-11 10:33,+1 352-398-1003,2025-09-08 15:25,Spring Hill,US,,FL,https://www.titospizzaspringhill.com/
36650785111,Block City Pizza,Chris Hubbard,2024-07-08 14:01,+1(731)586-4244,2025-09-08 09:11,Hollow Rock,United States,Restaurants,Tennessee,http://blockcitypizza.com/
35194845466,Russo's Pizza (Spring Stuebner Rd),,2025-06-18 12:35,(281) 323-4389,2025-08-27 10:24,Spring,,,TX,https://nypizzeria.com/locations/kingwood/
35673434140,"Blaze Pizza | Fire Pizza, LLC*",Tyler Price,2025-06-27 16:35,+15017649051,2025-09-03 13:20,Little Rock,United States,Restaurants,AR,https://order.thanx.com/blazepizza
37082550809,Beer Town,Sean MacCourtney,2025-08-01 10:15,+1(760)826-2337,2025-09-04 15:14,Oceanside,,,California,http://www.beertown.us/
36896400230,Namaste Chicago,Mark Kim,2025-07-28 14:09,(773)-904-7072,2025-09-08 11:37,Chicago,,,IL,namastechicagoonline.com
36283939687,Great Harvest (Clinton),Vanessa Wright,2025-07-15 16:32,8017735459,2025-08-29 14:39,Clinton,,,Utah,https://greatharvestutah.com/clinton
37412417684,Pizza Factory | Paradise,Tyler Price,2025-08-07 08:12,+15309660424,2025-08-27 10:18,Paradise,,,CA,https://www.pizzafactory.com/paradise/
35158226549,Fox's Den Pizza | Samantha Serventi,Dallas Williams,2025-06-17 16:18,(724) 457-3697,2025-09-04 16:59,Moon Twn Ship,,,PA,http://foxspizza.com
37746411578,Fox's Pizza Den | Brookville & Dubois,Mark Kim,2025-06-08 19:04,814-849-7777,2025-09-02 13:25,"Brookville, Dubois",United States,Restaurants,PA,http://www.foxspizzaden.com
35672596263,Brass Tap,Vanessa Wright,2025-01-23 08:29,8318012821,2025-08-29 14:43,Hollister,United States,Restaurants,CA,https://www.brasstapbeerbar.com/
36381111426,Mountain Mike's Pizza | Ming Ave,Tyler Price,2025-05-01 14:11,+16615120800,2025-08-29 11:02,Bakersfield,,,CA,https://www.mountainmikespizza.com/locations/bakersfield-ming/
36529752103,"Chiddy's Cheesesteaks & More, Inc",Vanessa Wright,2025-07-01 09:19,6318978694,2025-09-08 15:47,Astoria,,Restaurants,NY,https://www.chiddyscheesesteaks.com/
35247944706,Fox's Pizza Den | Josh Hicks,Vanessa Wright,2025-06-20 16:09,720-734-1333,2025-09-08 15:04,Elizabeth City,,,CO,http://www.foxspizzaden.com
35983599673,Phil Sandoval's Mexican Restaurante,Mark Kim,2025-07-10 14:22,,2025-09-09 14:03,Hoover,,,AL,philsandovals.com
35214013597,Fox's Pizza Den | Nicole and Carl,Vanessa Wright,2025-06-12 09:28,+17245882222,2025-08-27 10:25,Greenville,,,PA,https://www.foxspizza.com/store/pennsylvania/greenville-pa/
36650785145,Block City Pizza (McKenzie),Chris Hubbard,2024-07-08 14:01,(731) 352-2242,2025-08-05 10:15,McKenzie,United States,Restaurants,TN,http://blockcitypizza.com